k,model,2012,2013,2014,2015,2016,2017,2018,2019,2020,2021
1,gam_plus,6.57,5.93,6.25,5.77,6.71,6.56,6.45,5.74,6.6,6.12
1,gam_schuckers,6.84,6.09,6.35,5.7,6.73,6.57,6.52,5.71,6.62,6.12
1,pick_only,8.47,7.83,8.58,8.2,8.99,8.96,7.95,7.9,8.18,8.39
2,gam_plus,4.61,4.12,4.23,3.94,4.22,4.18,4.31,4.14,4.41,3.85
2,gam_schuckers,4.69,4.26,4.35,3.99,4.4,4.38,4.48,4.19,4.49,3.97
2,pick_only,8.21,7.6,8.37,7.98,8.65,8.57,7.77,7.71,7.94,8.1
3,gam_plus,3.01,2.63,2.4,2.67,2.63,2.74,2.86,2.86,2.87,2.19
3,gam_schuckers,3.22,2.81,2.66,2.76,2.79,2.94,2.96,2.97,3.05,2.42
3,pick_only,7.61,7.15,7.55,7.38,7.77,7.49,6.89,7.09,7.14,7.41
4,gam_plus,1.37,1.27,1.39,1.19,1.32,1.49,1.39,1.3,1.45,1.33
4,gam_schuckers,1.61,1.41,1.4,1.39,1.48,1.63,1.52,1.47,1.58,1.36
4,pick_only,6.24,6.09,6.13,6.24,6.18,5.98,5.28,5.77,5.65,6.05
