pick,bayes_monotone,isotonic,xgboost_mono,spline_mono,spline_32,pick_average,bayes_lo95,bayes_hi95,jj_points,bayes_monotone_rel,isotonic_rel,xgboost_mono_rel,spline_mono_rel,spline_32_rel,pick_average_rel,jj_rel,bayes_rel_lo95,bayes_rel_hi95
1,39.708,51.219,53.607,38.769,42.106,51.219,36.739,42.508,3000.0,100.0,100.0,100.0,100.0,100.0,100.0,100.0,100.0,100.0
2,39.013,37.084,39.581,38.203,40.998,37.084,36.487,41.521,2600.0,98.25,72.402,73.835,98.539,97.368,72.402,86.667,97.363,99.824
3,38.322,36.631,37.86,37.639,39.935,31.317,36.09,40.579,2200.0,96.51,71.517,70.624,97.083,94.845,61.143,73.333,94.879,99.343
4,37.636,36.631,37.86,37.077,38.918,33.971,35.618,39.687,1800.0,94.782,71.517,70.624,95.634,92.428,66.325,60.0,92.483,98.62
5,36.957,36.631,37.86,36.518,37.944,41.548,35.09,38.851,1700.0,93.072,71.517,70.624,94.193,90.114,81.118,56.667,90.173,97.706
6,36.285,36.631,37.86,35.963,37.012,39.686,34.546,38.043,1600.0,91.38,71.517,70.624,92.761,87.901,77.482,53.333,87.918,96.642
7,35.621,36.217,36.974,35.411,36.121,35.57,33.993,37.284,1500.0,89.707,70.709,68.972,91.339,85.785,69.446,50.0,85.721,95.46
8,34.967,36.217,36.676,34.865,35.269,36.864,33.4,36.549,1400.0,88.06,70.709,68.416,89.929,83.763,71.972,46.667,83.601,94.176
9,34.325,34.874,35.689,34.323,34.457,34.181,32.81,35.864,1350.0,86.444,68.087,66.575,88.533,81.833,66.734,45.0,81.573,92.833
10,33.695,34.874,34.95,33.788,33.682,32.644,32.22,35.189,1300.0,84.857,68.087,65.196,87.151,79.992,63.733,43.333,79.645,91.43
11,33.079,34.874,34.916,33.258,32.942,32.349,31.647,34.528,1250.0,83.306,68.087,65.134,85.785,78.237,63.158,41.667,77.817,90.004
12,32.478,34.874,34.916,32.735,32.238,38.037,31.072,33.898,1200.0,81.792,68.087,65.134,84.436,76.564,74.263,40.0,76.112,88.606
13,31.892,34.874,34.83,32.22,31.568,37.158,30.494,33.291,1150.0,80.316,68.087,64.974,83.106,74.972,72.547,38.333,74.492,87.199
14,31.323,29.082,29.988,31.712,30.93,29.082,29.933,32.718,1100.0,78.883,56.78,55.941,81.797,73.457,56.78,36.667,72.955,85.805
15,30.77,28.62,28.94,31.212,30.323,24.682,29.391,32.138,1050.0,77.491,55.878,53.986,80.508,72.015,48.189,35.0,71.5,84.435
16,30.234,28.62,28.94,30.722,29.746,28.75,28.864,31.594,1000.0,76.141,55.878,53.986,79.242,70.646,56.131,33.333,70.099,83.096
17,29.715,28.62,28.94,30.24,29.198,30.794,28.35,31.068,950.0,74.834,55.878,53.986,78.001,69.344,60.121,31.667,68.745,81.765
18,29.214,28.62,28.94,29.769,28.678,30.255,27.86,30.554,900.0,73.572,55.878,53.986,76.784,68.109,59.07,30.0,67.475,80.473
19,28.73,26.809,27.493,29.306,28.184,25.872,27.381,30.062,875.0,72.353,52.342,51.286,75.592,66.935,50.513,29.167,66.255,79.215
20,28.263,26.809,27.406,28.854,27.715,27.746,26.914,29.583,850.0,71.177,52.342,51.124,74.425,65.822,54.172,28.333,65.1,77.999
21,27.813,26.306,26.718,28.411,27.27,24.375,26.476,29.127,800.0,70.044,51.359,49.841,73.283,64.765,47.589,26.667,63.995,76.816
22,27.379,26.306,26.718,27.978,26.848,26.451,26.045,28.679,780.0,68.951,51.359,49.841,72.166,63.763,51.643,26.0,62.97,75.663
23,26.962,26.306,26.605,27.555,26.447,23.252,25.64,28.241,760.0,67.901,51.359,49.629,71.075,62.811,45.397,25.333,61.984,74.529
24,26.561,26.306,26.605,27.142,26.067,26.216,25.251,27.825,740.0,66.891,51.359,49.629,70.01,61.907,51.183,24.667,61.042,73.458
25,26.175,26.306,26.605,26.739,25.705,31.234,24.884,27.426,720.0,65.919,51.359,49.629,68.97,61.049,60.98,24.0,60.159,72.41
26,25.804,26.163,26.049,26.346,25.362,21.051,24.53,27.044,700.0,64.984,51.081,48.592,67.956,60.233,41.099,23.333,59.303,71.374
27,25.447,26.163,26.049,25.963,25.035,31.276,24.186,26.668,680.0,64.085,51.081,48.592,66.969,59.456,61.062,22.667,58.483,70.414
28,25.104,24.803,25.005,25.59,24.723,21.887,23.851,26.311,660.0,63.222,48.426,46.646,66.007,58.716,42.732,22.0,57.689,69.471
29,24.775,24.803,25.005,25.228,24.426,17.623,23.531,25.975,640.0,62.393,48.426,46.646,65.072,58.01,34.407,21.333,56.943,68.558
30,24.458,24.803,25.005,24.876,24.141,22.576,23.229,25.645,620.0,61.595,48.426,46.646,64.164,57.335,44.078,20.667,56.203,67.677
31,24.153,24.803,25.005,24.534,23.869,23.126,22.936,25.331,600.0,60.827,48.426,46.646,63.282,56.687,45.15,20.0,55.534,66.814
32,23.86,24.803,25.005,24.202,23.606,25.19,22.653,25.034,590.0,60.089,48.426,46.646,62.427,56.064,49.181,19.667,54.889,65.995
33,23.578,24.803,25.005,23.881,23.353,23.99,22.386,24.748,580.0,59.378,48.426,46.646,61.599,55.463,46.838,19.333,54.248,65.205
34,23.307,24.803,25.005,23.57,23.109,28.351,22.133,24.467,560.0,58.696,48.426,46.646,60.797,54.883,55.352,18.667,53.636,64.445
35,23.046,24.803,25.005,23.27,22.873,25.076,21.882,24.195,550.0,58.039,48.426,46.646,60.021,54.322,48.959,18.333,53.066,63.738
36,22.795,24.803,25.005,22.978,22.644,35.41,21.643,23.938,540.0,57.407,48.426,46.646,59.27,53.779,69.134,18.0,52.516,63.018
37,22.552,23.714,24.115,22.697,22.423,23.714,21.412,23.69,530.0,56.795,46.298,44.984,58.543,53.255,46.298,17.667,51.969,62.314
38,22.318,22.36,22.925,22.425,22.21,22.094,21.196,23.442,520.0,56.205,43.656,42.766,57.841,52.747,43.137,17.333,51.453,61.648
39,22.093,22.36,22.428,22.162,22.003,22.626,20.985,23.211,510.0,55.639,43.656,41.837,57.163,52.256,44.176,17.0,50.948,61.034
40,21.875,21.791,21.711,21.907,21.803,17.893,20.78,22.981,500.0,55.09,42.544,40.501,56.507,51.78,34.934,16.667,50.464,60.431
41,21.664,21.791,21.711,21.662,21.609,25.689,20.575,22.762,490.0,54.558,42.544,40.501,55.874,51.319,50.154,16.333,49.987,59.867
42,21.461,19.332,19.875,21.425,21.42,16.679,20.382,22.549,480.0,54.047,37.743,37.075,55.263,50.872,32.564,16.0,49.511,59.29
43,21.264,19.332,19.875,21.196,21.238,20.528,20.183,22.338,470.0,53.551,37.743,37.075,54.673,50.438,40.078,15.667,49.044,58.724
44,21.072,19.332,19.758,20.976,21.06,15.326,19.996,22.148,460.0,53.067,37.743,36.857,54.104,50.017,29.923,15.333,48.617,58.201
45,20.887,19.332,19.758,20.763,20.888,21.731,19.811,21.96,450.0,52.601,37.743,36.857,53.556,49.607,42.428,15.0,48.182,57.688
46,20.707,19.332,19.755,20.558,20.72,14.096,19.637,21.776,440.0,52.148,37.743,36.851,53.027,49.208,27.52,14.667,47.749,57.196
47,20.531,19.332,19.755,20.361,20.556,21.187,19.457,21.6,430.0,51.705,37.743,36.851,52.518,48.819,41.366,14.333,47.355,56.707
48,20.36,19.332,19.755,20.171,20.396,24.693,19.292,21.43,420.0,51.274,37.743,36.851,52.027,48.439,48.21,14.0,46.976,56.215
49,20.194,19.332,19.667,19.987,20.239,20.414,19.124,21.258,410.0,50.856,37.743,36.687,51.554,48.068,39.857,13.667,46.581,55.745
50,20.031,19.277,19.477,19.81,20.086,17.829,18.962,21.093,400.0,50.446,37.636,36.332,51.097,47.704,34.808,13.333,46.221,55.317
51,19.871,19.277,19.477,19.639,19.936,18.676,18.808,20.933,390.0,50.043,37.636,36.332,50.656,47.347,36.462,13.0,45.847,54.901
52,19.715,19.277,19.477,19.473,19.788,20.474,18.661,20.778,380.0,49.65,37.636,36.332,50.229,46.997,39.974,12.667,45.482,54.467
53,19.561,19.277,19.432,19.313,19.643,20.085,18.515,20.627,370.0,49.262,37.636,36.249,49.814,46.651,39.214,12.333,45.119,54.024
54,19.41,19.277,19.318,19.157,19.5,15.439,18.363,20.471,360.0,48.882,37.636,36.037,49.412,46.311,30.144,12.0,44.754,53.636
55,19.261,19.277,19.318,19.005,19.358,22.529,18.21,20.321,350.0,48.507,37.636,36.037,49.02,45.974,43.986,11.667,44.4,53.221
56,19.114,19.277,19.22,18.856,19.217,11.764,18.062,20.172,340.0,48.136,37.636,35.854,48.638,45.639,22.968,11.333,44.044,52.808
57,18.969,19.277,19.22,18.712,19.077,18.887,17.915,20.025,330.0,47.771,37.636,35.854,48.264,45.308,36.875,11.0,43.695,52.407
58,18.825,19.277,19.22,18.569,18.938,17.896,17.772,19.887,320.0,47.409,37.636,35.854,47.897,44.977,34.941,10.667,43.355,51.996
59,18.682,19.277,19.22,18.43,18.799,13.855,17.632,19.748,310.0,47.048,37.636,35.854,47.536,44.647,27.05,10.333,43.02,51.627
60,18.54,19.277,19.22,18.292,18.66,18.921,17.486,19.604,300.0,46.691,37.636,35.854,47.181,44.317,36.941,10.0,42.667,51.224
61,18.398,19.277,19.22,18.155,18.521,16.681,17.347,19.465,292.0,46.333,37.636,35.854,46.829,43.987,32.567,9.733,42.315,50.844
62,18.257,19.277,19.22,18.02,18.381,21.448,17.208,19.322,284.0,45.978,37.636,35.854,46.479,43.654,41.875,9.467,41.974,50.467
63,18.116,19.277,19.22,17.885,18.24,31.449,17.067,19.184,276.0,45.623,37.636,35.854,46.131,43.319,61.401,9.2,41.641,50.084
64,17.975,19.277,19.22,17.75,18.097,23.219,16.926,19.04,270.0,45.268,37.636,35.854,45.784,42.981,45.332,9.0,41.311,49.721
65,17.834,19.251,18.791,17.616,17.953,19.251,16.785,18.898,265.0,44.913,37.586,35.053,45.437,42.638,37.586,8.833,40.97,49.334
66,17.693,17.127,17.564,17.481,17.807,14.774,16.646,18.757,260.0,44.558,33.439,32.765,45.091,42.291,28.844,8.667,40.645,48.96
67,17.551,17.127,17.564,17.347,17.66,19.129,16.509,18.617,255.0,44.2,33.439,32.765,44.744,41.941,37.348,8.5,40.314,48.567
68,17.409,17.127,17.071,17.213,17.51,8.018,16.364,18.473,250.0,43.843,33.439,31.844,44.397,41.586,15.654,8.333,39.966,48.186
69,17.266,17.127,17.071,17.078,17.36,21.081,16.221,18.329,245.0,43.482,33.439,31.844,44.05,41.228,41.158,8.167,39.645,47.796
70,17.122,17.127,17.071,16.943,17.207,15.272,16.082,18.186,240.0,43.12,33.439,31.844,43.702,40.867,29.817,8.0,39.3,47.418
71,16.978,17.127,17.071,16.808,17.054,15.866,15.938,18.037,235.0,42.757,33.439,31.844,43.353,40.503,30.977,7.833,38.973,47.041
72,16.833,17.127,17.071,16.672,16.9,18.892,15.794,17.888,230.0,42.392,33.439,31.844,43.002,40.136,36.885,7.667,38.647,46.628
73,16.687,17.127,17.071,16.535,16.744,19.383,15.65,17.739,225.0,42.024,33.439,31.844,42.65,39.767,37.843,7.5,38.307,46.22
74,16.54,17.127,17.071,16.398,16.588,14.806,15.506,17.59,220.0,41.654,33.439,31.844,42.296,39.396,28.908,7.333,37.933,45.821
75,16.392,17.127,17.071,16.26,16.431,19.651,15.364,17.438,215.0,41.281,33.439,31.844,41.94,39.024,38.367,7.167,37.596,45.418
76,16.243,17.127,17.071,16.121,16.274,17.888,15.22,17.288,210.0,40.906,33.439,31.844,41.582,38.649,34.924,7.0,37.242,45.021
77,16.094,17.127,17.071,15.981,16.116,20.763,15.072,17.133,205.0,40.531,33.439,31.844,41.221,38.274,40.537,6.833,36.887,44.597
78,15.943,15.658,16.175,15.84,15.957,15.658,14.928,16.975,200.0,40.151,30.57,30.172,40.857,37.897,30.57,6.667,36.544,44.186
79,15.792,14.487,14.658,15.698,15.798,11.471,14.781,16.819,195.0,39.77,28.284,27.343,40.49,37.52,22.395,6.5,36.188,43.781
80,15.641,14.487,14.658,15.554,15.639,9.014,14.633,16.664,190.0,39.39,28.284,27.343,40.12,37.143,17.599,6.333,35.825,43.383
81,15.489,14.487,14.658,15.41,15.48,16.986,14.485,16.503,185.0,39.007,28.284,27.343,39.748,36.766,33.163,6.167,35.454,42.974
82,15.336,14.487,14.658,15.265,15.322,11.024,14.335,16.354,180.0,38.622,28.284,27.343,39.373,36.388,21.522,6.0,35.099,42.584
83,15.183,14.487,14.658,15.119,15.163,17.908,14.189,16.197,175.0,38.237,28.284,27.343,38.998,36.012,34.963,5.833,34.726,42.158
84,15.03,14.487,14.658,14.973,15.005,18.676,14.038,16.041,170.0,37.851,28.284,27.343,38.62,35.636,36.462,5.667,34.348,41.744
85,14.877,14.487,14.427,14.826,14.847,11.279,13.889,15.886,165.0,37.466,28.284,26.912,38.242,35.261,22.022,5.5,33.969,41.31
86,14.725,14.487,14.427,14.679,14.69,18.236,13.742,15.729,160.0,37.083,28.284,26.912,37.863,34.887,35.605,5.333,33.618,40.903
87,14.572,14.487,14.394,14.532,14.533,10.992,13.593,15.572,155.0,36.698,28.284,26.852,37.483,34.515,21.461,5.167,33.265,40.499
88,14.42,14.487,14.394,14.385,14.377,13.124,13.444,15.419,150.0,36.315,28.284,26.852,37.104,34.145,25.622,5.0,32.91,40.085
89,14.268,14.487,14.394,14.238,14.222,18.805,13.293,15.265,145.0,35.932,28.284,26.852,36.725,33.778,36.715,4.833,32.555,39.689
90,14.117,14.487,14.359,14.091,14.069,13.342,13.147,15.108,140.0,35.552,28.284,26.786,36.346,33.412,26.049,4.667,32.181,39.27
91,13.967,14.487,14.359,13.945,13.916,15.273,13.003,14.962,136.0,35.174,28.284,26.786,35.968,33.05,29.819,4.533,31.821,38.867
92,13.818,14.487,14.346,13.799,13.765,16.684,12.858,14.81,132.0,34.799,28.284,26.762,35.592,32.69,32.573,4.4,31.474,38.479
93,13.671,13.751,13.926,13.654,13.615,12.498,12.712,14.659,128.0,34.429,26.847,25.977,35.217,32.334,24.401,4.267,31.118,38.1
94,13.524,13.751,13.845,13.509,13.466,15.004,12.569,14.506,124.0,34.059,26.847,25.826,34.845,31.982,29.294,4.133,30.757,37.707
95,13.379,13.113,13.379,13.365,13.319,12.679,12.425,14.352,120.0,33.693,25.602,24.957,34.474,31.633,24.755,4.0,30.418,37.313
96,13.236,13.113,13.235,13.223,13.174,13.38,12.282,14.208,116.0,33.333,25.602,24.689,34.107,31.289,26.123,3.867,30.078,36.959
97,13.095,13.113,13.068,13.082,13.031,9.175,12.148,14.06,112.0,32.978,25.602,24.377,33.742,30.949,17.913,3.733,29.735,36.601
98,12.956,13.113,13.068,12.942,12.89,17.219,12.007,13.918,108.0,32.628,25.602,24.377,33.381,30.613,33.619,3.6,29.408,36.219
99,12.819,12.424,12.525,12.803,12.751,12.424,11.871,13.775,104.0,32.283,24.257,23.365,33.024,30.283,24.257,3.467,29.072,35.861
100,12.684,12.104,12.036,12.667,12.614,10.126,11.735,13.634,100.0,31.943,23.632,22.453,32.672,29.957,19.771,3.333,28.748,35.514
101,12.551,12.104,12.036,12.532,12.479,6.556,11.606,13.499,96.0,31.608,23.632,22.453,32.324,29.637,12.801,3.2,28.423,35.173
102,12.422,12.104,12.036,12.399,12.346,13.848,11.477,13.369,92.0,31.283,23.632,22.453,31.981,29.321,27.036,3.067,28.106,34.839
103,12.294,12.104,12.036,12.268,12.215,15.172,11.351,13.243,88.0,30.961,23.632,22.453,31.644,29.011,29.622,2.933,27.796,34.496
104,12.169,12.104,12.036,12.14,12.087,9.167,11.23,13.113,86.0,30.646,23.632,22.453,31.313,28.706,17.898,2.867,27.489,34.164
105,12.047,12.104,12.036,12.014,11.961,14.173,11.11,12.992,84.0,30.339,23.632,22.453,30.988,28.407,27.671,2.8,27.208,33.856
106,11.928,12.104,12.036,11.891,11.838,15.687,10.991,12.873,82.0,30.039,23.632,22.453,30.671,28.114,30.627,2.733,26.906,33.544
107,11.812,11.747,11.8,11.77,11.716,10.973,10.874,12.756,80.0,29.747,22.936,22.011,30.36,27.826,21.423,2.667,26.64,33.242
108,11.699,11.747,11.747,11.653,11.598,6.634,10.761,12.645,78.0,29.463,22.936,21.913,30.057,27.544,12.951,2.6,26.374,32.942
109,11.589,11.747,11.747,11.538,11.482,16.417,10.65,12.533,76.0,29.186,22.936,21.913,29.761,27.268,32.053,2.533,26.104,32.66
110,11.481,11.747,11.526,11.427,11.368,10.456,10.546,12.424,74.0,28.914,22.936,21.5,29.475,26.999,20.415,2.467,25.847,32.39
111,11.377,11.747,11.526,11.319,11.257,10.266,10.445,12.323,72.0,28.652,22.936,21.5,29.196,26.735,20.044,2.4,25.592,32.131
112,11.276,11.747,11.526,11.214,11.149,15.739,10.346,12.23,70.0,28.397,22.936,21.5,28.925,26.478,30.728,2.333,25.346,31.87
113,11.177,10.504,10.464,11.112,11.043,8.813,10.247,12.129,68.0,28.148,20.508,19.52,28.663,26.227,17.206,2.267,25.113,31.627
114,11.082,10.504,10.464,11.014,10.941,9.907,10.156,12.035,66.0,27.909,20.508,19.52,28.409,25.983,19.343,2.2,24.888,31.385
115,10.99,10.504,10.464,10.919,10.841,7.665,10.068,11.947,64.0,27.677,20.508,19.52,28.163,25.746,14.965,2.133,24.68,31.147
116,10.9,10.504,10.464,10.827,10.744,10.393,9.978,11.858,62.0,27.45,20.508,19.52,27.926,25.516,20.291,2.067,24.469,30.912
117,10.814,10.504,10.464,10.738,10.65,11.573,9.894,11.774,60.0,27.234,20.508,19.52,27.697,25.293,22.595,2.0,24.274,30.665
118,10.73,10.504,10.464,10.652,10.559,10.275,9.809,11.689,58.0,27.022,20.508,19.52,27.476,25.076,20.061,1.933,24.07,30.436
119,10.649,10.504,10.464,10.57,10.471,14.902,9.726,11.608,56.0,26.818,20.508,19.52,27.264,24.867,29.095,1.867,23.888,30.224
120,10.571,10.494,10.231,10.491,10.386,10.494,9.648,11.537,54.0,26.622,20.489,19.085,27.06,24.666,20.489,1.8,23.702,30.001
121,10.495,9.778,9.826,10.415,10.304,6.269,9.572,11.463,52.0,26.43,19.091,18.329,26.865,24.472,12.24,1.733,23.524,29.791
122,10.421,9.778,9.826,10.343,10.226,9.483,9.496,11.392,50.0,26.244,19.091,18.329,26.678,24.285,18.514,1.667,23.351,29.596
123,10.351,9.778,9.826,10.274,10.15,5.306,9.425,11.324,49.0,26.068,19.091,18.329,26.499,24.107,10.36,1.633,23.185,29.4
124,10.282,9.778,9.826,10.208,10.078,8.794,9.358,11.255,48.0,25.894,19.091,18.329,26.329,23.936,17.168,1.6,23.025,29.213
125,10.215,9.778,9.826,10.145,10.01,10.69,9.294,11.189,47.0,25.725,19.091,18.329,26.168,23.773,20.871,1.567,22.876,29.044
126,10.151,9.778,9.826,10.085,9.945,11.176,9.234,11.124,46.0,25.564,19.091,18.329,26.014,23.618,21.819,1.533,22.733,28.854
127,10.088,9.778,9.826,10.029,9.883,5.93,9.174,11.061,45.0,25.405,19.091,18.329,25.867,23.471,11.578,1.5,22.582,28.675
128,10.027,9.778,9.826,9.974,9.825,15.246,9.115,10.998,44.0,25.252,19.091,18.329,25.727,23.333,29.767,1.467,22.426,28.524
129,9.968,9.778,9.826,9.922,9.77,9.061,9.056,10.936,43.0,25.103,19.091,18.329,25.593,23.203,17.691,1.433,22.281,28.357
130,9.911,9.778,9.826,9.872,9.719,11.863,8.998,10.876,42.0,24.96,19.091,18.329,25.464,23.081,23.161,1.4,22.143,28.193
131,9.855,9.778,9.826,9.824,9.671,10.891,8.944,10.817,41.0,24.819,19.091,18.329,25.34,22.967,21.264,1.367,22.02,28.036
132,9.8,9.778,9.799,9.778,9.626,9.775,8.893,10.758,40.0,24.68,19.091,18.279,25.22,22.861,19.085,1.333,21.895,27.871
133,9.746,9.778,9.799,9.732,9.583,6.957,8.84,10.7,39.5,24.544,19.091,18.279,25.103,22.76,13.583,1.317,21.761,27.727
134,9.694,9.778,9.799,9.688,9.544,12.111,8.787,10.637,39.0,24.413,19.091,18.279,24.989,22.666,23.645,1.3,21.648,27.589
135,9.642,9.778,9.799,9.645,9.506,11.834,8.741,10.579,38.5,24.282,19.091,18.279,24.878,22.577,23.105,1.283,21.539,27.44
136,9.591,9.778,9.781,9.602,9.471,8.492,8.691,10.527,38.0,24.154,19.091,18.247,24.768,22.493,16.58,1.267,21.419,27.305
137,9.541,9.778,9.781,9.56,9.437,12.35,8.643,10.471,37.5,24.028,19.091,18.247,24.659,22.412,24.112,1.25,21.319,27.158
138,9.491,9.708,9.544,9.518,9.405,6.021,8.595,10.415,37.0,23.902,18.954,17.804,24.55,22.336,11.755,1.233,21.214,27.011
139,9.442,9.708,9.544,9.476,9.374,5.377,8.551,10.363,36.5,23.779,18.954,17.804,24.441,22.263,10.498,1.217,21.1,26.867
140,9.393,9.708,9.544,9.433,9.344,8.896,8.504,10.312,36.0,23.655,18.954,17.804,24.331,22.192,17.369,1.2,20.985,26.728
141,9.344,9.708,9.544,9.39,9.315,3.782,8.455,10.258,35.5,23.532,18.954,17.804,24.22,22.123,7.384,1.183,20.873,26.59
142,9.295,9.708,9.544,9.346,9.287,10.804,8.408,10.206,35.0,23.408,18.954,17.804,24.108,22.055,21.093,1.167,20.762,26.445
143,9.246,9.708,9.544,9.302,9.259,12.6,8.362,10.148,34.5,23.285,18.954,17.804,23.993,21.989,24.6,1.15,20.646,26.301
144,9.196,9.708,9.544,9.257,9.231,12.203,8.318,10.099,34.0,23.159,18.954,17.804,23.877,21.922,23.825,1.133,20.535,26.163
145,9.147,9.708,9.544,9.211,9.202,7.297,8.269,10.051,33.5,23.036,18.954,17.804,23.758,21.855,14.247,1.117,20.426,26.009
146,9.097,9.708,9.544,9.164,9.174,18.286,8.216,9.999,33.0,22.91,18.954,17.804,23.637,21.787,35.702,1.1,20.308,25.86
147,9.046,9.708,9.544,9.116,9.144,6.085,8.167,9.944,32.6,22.781,18.954,17.804,23.513,21.718,11.88,1.087,20.194,25.727
148,8.995,9.708,9.544,9.066,9.114,10.898,8.117,9.893,32.3,22.653,18.954,17.804,23.386,21.646,21.277,1.077,20.074,25.585
149,8.943,9.708,9.544,9.016,9.083,10.792,8.069,9.839,31.8,22.522,18.954,17.804,23.255,21.572,21.07,1.06,19.953,25.449
150,8.891,9.708,9.544,8.964,9.05,9.058,8.017,9.786,31.4,22.391,18.954,17.804,23.121,21.495,17.684,1.047,19.828,25.297
151,8.837,9.708,9.544,8.91,9.016,13.817,7.968,9.732,31.0,22.255,18.954,17.804,22.983,21.413,26.976,1.033,19.71,25.148
152,8.783,8.302,8.271,8.855,8.98,3.694,7.912,9.675,30.6,22.119,16.21,15.428,22.84,21.328,7.213,1.02,19.585,24.986
153,8.727,8.302,8.271,8.798,8.942,11.169,7.859,9.615,30.2,21.978,16.21,15.428,22.694,21.237,21.807,1.007,19.448,24.817
154,8.671,8.302,8.271,8.739,8.901,6.483,7.807,9.561,29.8,21.837,16.21,15.428,22.542,21.141,12.657,0.993,19.318,24.672
155,8.613,8.302,8.271,8.679,8.858,9.825,7.751,9.504,29.4,21.691,16.21,15.428,22.385,21.038,19.182,0.98,19.177,24.51
156,8.554,8.302,8.239,8.616,8.812,5.107,7.693,9.447,29.0,21.542,16.21,15.37,22.224,20.929,9.971,0.967,19.04,24.346
157,8.493,8.302,8.239,8.552,8.764,9.977,7.63,9.388,28.6,21.389,16.21,15.37,22.057,20.813,19.479,0.953,18.885,24.178
158,8.432,8.302,8.236,8.485,8.711,6.08,7.566,9.323,28.2,21.235,16.21,15.364,21.886,20.689,11.871,0.94,18.732,24.006
159,8.369,8.302,8.236,8.417,8.655,7.726,7.499,9.262,27.8,21.076,16.21,15.364,21.711,20.556,15.084,0.927,18.581,23.842
160,8.305,8.302,8.236,8.348,8.596,7.146,7.436,9.2,27.4,20.915,16.21,15.364,21.532,20.415,13.951,0.913,18.41,23.674
161,8.239,8.302,8.236,8.276,8.532,9.606,7.367,9.139,27.0,20.749,16.21,15.364,21.348,20.264,18.754,0.9,18.259,23.497
162,8.172,8.302,8.236,8.204,8.465,4.498,7.298,9.073,26.6,20.58,16.21,15.364,21.161,20.103,8.782,0.887,18.096,23.324
163,8.104,8.302,8.236,8.13,8.393,11.836,7.229,9.007,26.2,20.409,16.21,15.364,20.97,19.933,23.109,0.873,17.927,23.151
164,8.035,8.302,8.236,8.055,8.318,7.683,7.157,8.938,25.8,20.235,16.21,15.364,20.776,19.755,15.0,0.86,17.734,22.983
165,7.964,8.302,8.236,7.978,8.24,10.925,7.08,8.871,25.4,20.056,16.21,15.364,20.578,19.569,21.33,0.847,17.545,22.812
166,7.891,8.302,8.236,7.901,8.158,11.441,7.0,8.797,25.0,19.873,16.21,15.364,20.378,19.375,22.337,0.833,17.347,22.625
167,7.818,8.302,8.127,7.822,8.074,9.643,6.922,8.735,24.6,19.689,16.21,15.16,20.175,19.174,18.827,0.82,17.149,22.434
168,7.743,7.343,7.479,7.742,7.986,7.343,6.843,8.662,24.2,19.5,14.336,13.952,19.97,18.967,14.336,0.807,16.955,22.259
169,7.667,7.312,7.168,7.662,7.897,6.339,6.757,8.593,23.8,19.308,14.276,13.372,19.763,18.754,12.377,0.793,16.739,22.073
170,7.59,7.312,7.133,7.581,7.805,4.361,6.673,8.521,23.4,19.115,14.276,13.306,19.553,18.536,8.514,0.78,16.534,21.879
171,7.512,7.312,7.133,7.499,7.711,7.169,6.587,8.447,23.0,18.918,14.276,13.306,19.342,18.313,13.996,0.767,16.316,21.686
172,7.433,7.312,7.133,7.416,7.615,5.954,6.501,8.375,22.6,18.719,14.276,13.306,19.129,18.086,11.625,0.753,16.097,21.488
173,7.354,7.312,7.133,7.333,7.518,11.787,6.414,8.301,22.2,18.52,14.276,13.306,18.915,17.855,23.013,0.74,15.885,21.285
174,7.273,7.312,7.133,7.25,7.419,8.264,6.331,8.227,21.8,18.316,14.276,13.306,18.7,17.62,16.134,0.727,15.675,21.084
175,7.192,6.456,6.576,7.166,7.319,5.765,6.242,8.152,21.4,18.112,12.605,12.268,18.485,17.383,11.256,0.713,15.466,20.875
176,7.11,6.456,6.576,7.083,7.219,4.616,6.154,8.078,21.0,17.906,12.605,12.268,18.269,17.144,9.013,0.7,15.242,20.665
177,7.027,6.456,6.576,6.999,7.117,8.822,6.063,7.998,20.6,17.697,12.605,12.268,18.053,16.903,17.224,0.687,15.021,20.447
178,6.945,6.456,6.451,6.915,7.016,5.944,5.979,7.918,19.8,17.49,12.605,12.033,17.837,16.662,11.604,0.66,14.791,20.233
179,6.862,6.456,6.372,6.832,6.913,5.104,5.888,7.842,19.4,17.281,12.605,11.886,17.622,16.419,9.966,0.647,14.572,20.036
180,6.779,6.456,6.372,6.749,6.811,7.345,5.802,7.758,19.0,17.072,12.605,11.886,17.408,16.177,14.34,0.633,14.343,19.843
181,6.696,6.456,6.319,6.666,6.709,6.31,5.714,7.675,18.6,16.863,12.605,11.788,17.195,15.935,12.32,0.62,14.132,19.639
182,6.613,6.456,6.301,6.584,6.608,7.744,5.628,7.594,18.2,16.654,12.605,11.754,16.983,15.694,15.118,0.607,13.918,19.435
183,6.53,6.251,6.183,6.503,6.507,3.669,5.548,7.513,17.8,16.445,12.204,11.533,16.773,15.454,7.162,0.593,13.718,19.228
184,6.448,6.251,6.183,6.422,6.407,7.896,5.462,7.432,17.4,16.239,12.204,11.533,16.565,15.217,15.417,0.58,13.5,19.029
185,6.366,6.251,6.131,6.343,6.308,5.283,5.386,7.35,17.0,16.032,12.204,11.436,16.36,14.982,10.314,0.567,13.299,18.834
186,6.285,6.251,6.131,6.264,6.211,6.864,5.306,7.268,16.6,15.828,12.204,11.436,16.157,14.751,13.402,0.553,13.106,18.627
187,6.205,6.251,6.129,6.186,6.115,5.609,5.229,7.185,16.2,15.627,12.204,11.434,15.957,14.523,10.95,0.54,12.918,18.42
188,6.125,6.251,6.129,6.11,6.021,8.184,5.155,7.106,15.8,15.425,12.204,11.434,15.76,14.299,15.978,0.527,12.727,18.225
189,6.047,6.144,5.936,6.035,5.929,3.735,5.079,7.025,15.4,15.229,11.996,11.073,15.566,14.081,7.292,0.513,12.543,18.023
190,5.97,6.144,5.936,5.961,5.839,5.326,5.009,6.949,15.0,15.035,11.996,11.073,15.375,13.867,10.399,0.5,12.357,17.819
191,5.894,6.144,5.936,5.888,5.751,7.458,4.939,6.873,14.6,14.843,11.996,11.073,15.187,13.659,14.561,0.487,12.191,17.631
192,5.819,6.144,5.936,5.816,5.666,6.301,4.87,6.797,14.2,14.654,11.996,11.073,15.002,13.458,12.303,0.473,12.022,17.434
193,5.746,6.144,5.936,5.746,5.585,5.939,4.803,6.724,13.8,14.471,11.996,11.073,14.82,13.263,11.594,0.46,11.849,17.258
194,5.674,6.144,5.857,5.677,5.506,5.226,4.737,6.645,13.4,14.289,11.996,10.927,14.643,13.076,10.204,0.447,11.696,17.071
195,5.604,6.144,5.857,5.609,5.43,9.024,4.675,6.577,13.0,14.113,11.996,10.927,14.468,12.895,17.618,0.433,11.537,16.893
196,5.535,5.396,5.274,5.543,5.356,3.71,4.616,6.509,12.6,13.939,10.535,9.839,14.298,12.721,7.243,0.42,11.381,16.712
197,5.469,5.396,5.274,5.478,5.286,3.446,4.558,6.442,12.2,13.773,10.535,9.839,14.131,12.555,6.729,0.407,11.239,16.551
198,5.404,5.396,5.274,5.415,5.219,4.221,4.502,6.374,11.8,13.609,10.535,9.839,13.968,12.394,8.242,0.393,11.106,16.381
199,5.341,5.396,5.274,5.353,5.154,6.516,4.449,6.308,11.4,13.451,10.535,9.839,13.808,12.241,12.723,0.38,10.973,16.235
200,5.28,5.396,5.274,5.293,5.092,9.086,4.389,6.244,11.0,13.297,10.535,9.839,13.653,12.094,17.739,0.367,10.851,16.085
201,5.22,4.789,4.655,5.235,5.033,4.141,4.334,6.182,10.6,13.146,9.35,8.683,13.502,11.953,8.084,0.353,10.731,15.936
202,5.163,4.789,4.655,5.178,4.976,1.812,4.286,6.129,10.2,13.002,9.35,8.683,13.355,11.819,3.538,0.34,10.617,15.782
203,5.108,4.789,4.655,5.122,4.922,4.059,4.235,6.07,9.8,12.864,9.35,8.683,13.213,11.691,7.924,0.327,10.501,15.638
204,5.054,4.789,4.655,5.069,4.871,3.611,4.188,6.012,9.4,12.728,9.35,8.683,13.074,11.569,7.051,0.313,10.394,15.493
205,5.003,4.789,4.655,5.016,4.822,6.446,4.14,5.956,9.0,12.599,9.35,8.683,12.939,11.452,12.585,0.3,10.288,15.355
206,4.953,4.789,4.655,4.965,4.776,5.41,4.097,5.904,8.6,12.474,9.35,8.683,12.808,11.342,10.562,0.287,10.166,15.22
207,4.905,4.789,4.655,4.916,4.732,5.379,4.057,5.854,8.2,12.353,9.35,8.683,12.68,11.238,10.501,0.273,10.061,15.087
208,4.86,4.789,4.655,4.868,4.69,5.235,4.016,5.804,7.8,12.239,9.35,8.683,12.556,11.139,10.221,0.26,9.973,14.939
209,4.815,4.789,4.646,4.821,4.651,2.873,3.981,5.755,7.4,12.126,9.35,8.667,12.436,11.046,5.609,0.247,9.876,14.803
210,4.773,4.789,4.646,4.776,4.614,5.183,3.939,5.707,7.0,12.02,9.35,8.667,12.319,10.959,10.119,0.233,9.776,14.67
211,4.732,4.789,4.646,4.732,4.58,2.669,3.899,5.661,6.6,11.917,9.35,8.667,12.205,10.877,5.211,0.22,9.671,14.549
212,4.694,4.789,4.646,4.689,4.548,5.721,3.865,5.615,6.2,11.821,9.35,8.667,12.095,10.8,11.17,0.207,9.593,14.431
213,4.656,4.789,4.646,4.647,4.517,4.46,3.829,5.566,5.8,11.726,9.35,8.667,11.988,10.729,8.708,0.193,9.503,14.313
214,4.62,4.789,4.646,4.607,4.489,5.453,3.791,5.527,5.4,11.635,9.35,8.667,11.883,10.662,10.646,0.18,9.429,14.199
215,4.586,4.789,4.646,4.568,4.464,4.496,3.759,5.485,5.0,11.549,9.35,8.667,11.782,10.601,8.779,0.167,9.353,14.098
216,4.553,4.789,4.646,4.53,4.44,8.984,3.722,5.444,4.6,11.466,9.35,8.667,11.683,10.544,17.539,0.153,9.274,13.975
217,4.521,4.789,4.636,4.492,4.418,5.478,3.691,5.41,4.2,11.386,9.35,8.649,11.587,10.493,10.695,0.14,9.191,13.885
218,4.491,4.335,4.25,4.456,4.398,2.42,3.664,5.37,3.8,11.31,8.464,7.928,11.494,10.446,4.725,0.127,9.119,13.785
219,4.462,4.335,4.25,4.421,4.381,4.149,3.635,5.34,3.0,11.237,8.464,7.928,11.404,10.404,8.1,0.1,9.05,13.704
220,4.434,4.335,4.25,4.388,4.365,5.756,3.605,5.311,2.6,11.167,8.464,7.928,11.317,10.366,11.239,0.087,8.987,13.624
221,4.407,4.335,4.191,4.355,4.351,5.016,3.577,5.286,2.3,11.099,8.464,7.817,11.233,10.333,9.794,0.077,8.915,13.53
222,4.381,4.148,4.089,4.323,4.339,3.19,3.545,5.255,2.0,11.033,8.099,7.628,11.151,10.304,6.228,0.067,8.835,13.453
223,4.355,4.148,4.082,4.293,4.328,2.139,3.521,5.221,1.8,10.968,8.099,7.615,11.073,10.279,4.175,0.06,8.759,13.368
224,4.331,4.148,4.082,4.264,4.32,3.846,3.491,5.196,1.6,10.907,8.099,7.615,10.998,10.259,7.51,0.053,8.694,13.315
225,4.307,4.148,4.082,4.236,4.313,4.511,3.459,5.172,,10.847,8.099,7.615,10.926,10.242,8.807,,8.629,13.25
226,4.285,4.148,4.082,4.209,4.307,6.99,3.43,5.147,,10.791,8.099,7.615,10.857,10.229,13.647,,8.565,13.176
227,4.262,4.148,3.991,4.184,4.303,3.595,3.394,5.124,,10.733,8.099,7.445,10.792,10.219,7.019,,8.487,13.11
228,4.241,4.148,3.949,4.16,4.299,2.357,3.36,5.103,,10.68,8.099,7.367,10.729,10.209,4.602,,8.422,13.048
229,4.22,4.148,3.949,4.137,4.295,5.519,3.329,5.081,,10.628,8.099,7.367,10.67,10.201,10.774,,8.329,12.994
230,4.199,4.148,3.914,4.115,4.291,3.632,3.294,5.06,,10.575,8.099,7.301,10.615,10.191,7.091,,8.252,12.95
231,4.179,4.148,3.914,4.095,4.286,1.526,3.257,5.04,,10.524,8.099,7.301,10.563,10.18,2.98,,8.175,12.908
232,4.159,4.148,3.914,4.076,4.28,3.266,3.23,5.026,,10.474,8.099,7.301,10.514,10.166,6.376,,8.096,12.862
233,4.139,4.148,3.914,4.059,4.273,8.43,3.201,5.012,,10.424,8.099,7.301,10.469,10.148,16.459,,8.021,12.814
234,4.12,4.148,3.84,4.043,4.263,4.59,3.167,4.997,,10.376,8.099,7.164,10.427,10.125,8.961,,7.943,12.784
235,4.101,4.148,3.808,4.028,4.251,4.481,3.128,4.982,,10.328,8.099,7.103,10.389,10.096,8.749,,7.855,12.748
236,4.082,3.944,3.669,4.014,4.236,2.72,3.094,4.972,,10.28,7.699,6.845,10.353,10.06,5.31,,7.772,12.718
237,4.063,3.944,3.669,4.001,4.218,3.22,3.058,4.961,,10.232,7.699,6.845,10.32,10.017,6.287,,7.695,12.682
238,4.044,3.944,3.669,3.989,4.195,2.631,3.028,4.955,,10.184,7.699,6.845,10.29,9.964,5.138,,7.598,12.659
239,4.025,3.944,3.669,3.979,4.169,5.574,2.992,4.946,,10.136,7.699,6.845,10.263,9.901,10.883,,7.497,12.621
240,4.006,3.944,3.669,3.969,4.138,1.9,2.954,4.939,,10.089,7.699,6.845,10.238,9.827,3.71,,7.404,12.591
241,3.987,3.944,3.669,3.96,4.101,0.838,2.917,4.928,,10.041,7.699,6.845,10.215,9.74,1.636,,7.32,12.555
242,3.967,3.944,3.669,3.952,4.059,3.089,2.88,4.916,,9.99,7.699,6.845,10.195,9.641,6.03,,7.217,12.529
243,3.948,3.944,3.669,3.945,4.011,5.389,2.838,4.909,,9.943,7.699,6.845,10.176,9.527,10.521,,7.115,12.503
244,3.928,3.944,3.669,3.939,3.957,4.632,2.789,4.902,,9.892,7.699,6.845,10.16,9.398,9.044,,7.004,12.474
245,3.907,3.944,3.669,3.933,3.896,3.535,2.733,4.895,,9.839,7.699,6.845,10.145,9.252,6.902,,6.897,12.444
246,3.886,3.944,3.669,3.928,3.827,3.952,2.684,4.89,,9.786,7.699,6.845,10.132,9.09,7.716,,6.758,12.433
247,3.865,3.944,3.669,3.924,3.751,2.551,2.637,4.886,,9.734,7.699,6.845,10.121,8.908,4.981,,6.639,12.411
248,3.843,3.944,3.669,3.92,3.666,5.931,2.575,4.881,,9.678,7.699,6.845,10.111,8.707,11.579,,6.487,12.401
249,3.82,3.944,3.669,3.917,3.573,7.794,2.508,4.88,,9.62,7.699,6.845,10.103,8.486,15.217,,6.319,12.395
250,3.796,3.944,3.579,3.914,3.471,3.256,2.45,4.877,,9.56,7.699,6.675,10.095,8.243,6.358,,6.146,12.382
251,3.771,3.944,3.579,3.911,3.359,6.084,2.373,4.876,,9.497,7.699,6.675,10.089,7.977,11.878,,5.958,12.371
252,3.746,3.387,2.925,3.909,3.237,2.931,2.286,4.875,,9.434,6.613,5.456,10.084,7.687,5.723,,5.731,12.362
253,3.719,3.387,2.58,3.908,3.105,1.372,2.185,4.873,,9.366,6.613,4.813,10.079,7.373,2.679,,5.508,12.352
254,3.691,3.387,2.58,3.906,2.961,3.363,2.08,4.872,,9.295,6.613,4.813,10.076,7.033,6.565,,5.246,12.345
255,3.661,3.387,2.519,3.905,2.807,4.437,1.955,4.87,,9.22,6.613,4.7,10.073,6.667,8.662,,4.917,12.341
256,3.631,3.387,2.519,3.905,2.641,1.335,1.798,4.869,,9.144,6.613,4.7,10.071,6.272,2.606,,4.519,12.334
257,3.598,3.387,2.338,3.904,2.492,2.464,1.619,4.868,,9.061,6.613,4.362,10.07,5.918,4.811,,4.098,12.323
258,3.565,3.387,2.338,3.904,3.065,1.75,1.429,4.866,,8.978,6.613,4.362,10.069,7.28,3.417,,3.622,12.322
259,3.529,3.387,2.338,3.903,5.741,4.893,1.224,4.865,,8.887,6.613,4.362,10.068,13.635,9.554,,3.074,12.319
260,3.493,3.387,2.338,3.903,11.931,0.04,0.96,4.865,,8.797,6.613,4.362,10.068,28.335,0.078,,2.438,12.319
261,3.454,3.387,2.338,3.903,23.044,1.05,0.68,4.865,,8.698,6.613,4.362,10.068,54.728,2.05,,1.716,12.319
262,3.415,3.387,2.338,3.903,40.491,55.92,0.342,4.865,,8.6,6.613,4.362,10.068,96.163,109.178,,0.851,12.317
