pick,value_mean,value_median,value_lo80,value_hi80,value_lo95,value_hi95,rel_mean,rel_lo80,rel_hi80,rel_lo95,rel_hi95,round_approx,n_players
1,39.708,39.738,37.787,41.568,36.739,42.508,100.0,100.0,100.0,100.0,100.0,1,14
2,39.013,39.011,37.361,40.673,36.487,41.521,98.265,97.586,99.737,97.363,99.824,1,14
3,38.322,38.313,36.862,39.81,36.09,40.579,96.539,95.279,99.05,94.879,99.343,1,14
4,37.636,37.626,36.303,38.972,35.618,39.687,94.825,93.084,98.034,92.483,98.62,1,14
5,36.957,36.949,35.733,38.177,35.09,38.851,93.124,90.958,96.789,90.173,97.706,1,14
6,36.285,36.278,35.153,37.417,34.546,38.043,91.441,88.915,95.385,87.918,96.642,1,14
7,35.621,35.616,34.552,36.691,33.993,37.284,89.778,86.943,93.898,85.721,95.46,1,14
8,34.967,34.967,33.95,35.99,33.4,36.549,88.139,85.027,92.358,83.601,94.176,1,14
9,34.325,34.323,33.338,35.306,32.81,35.864,86.528,83.187,90.793,81.573,92.833,1,14
10,33.695,33.69,32.736,34.649,32.22,35.189,84.947,81.423,89.178,79.645,91.43,1,14
11,33.079,33.075,32.139,34.014,31.647,34.528,83.4,79.707,87.666,77.817,90.004,1,14
12,32.478,32.477,31.55,33.402,31.072,33.898,81.889,78.056,86.176,76.112,88.606,1,14
13,31.892,31.895,30.978,32.807,30.494,33.291,80.416,76.468,84.718,74.492,87.199,1,14
14,31.323,31.326,30.418,32.224,29.933,32.718,78.983,74.939,83.283,72.955,85.805,1,14
15,30.77,30.773,29.869,31.666,29.391,32.138,77.592,73.49,81.878,71.5,84.435,1,14
16,30.234,30.244,29.334,31.126,28.864,31.594,76.243,72.083,80.539,70.099,83.096,1,14
17,29.715,29.725,28.819,30.601,28.35,31.068,74.937,70.764,79.231,68.745,81.765,1,14
18,29.214,29.221,28.32,30.092,27.86,30.554,73.675,69.503,77.96,67.475,80.473,1,14
19,28.73,28.731,27.843,29.603,27.381,30.062,72.455,68.294,76.704,66.255,79.215,1,14
20,28.263,28.268,27.383,29.129,26.914,29.583,71.279,67.129,75.493,65.1,77.999,1,14
21,27.813,27.817,26.938,28.672,26.476,29.127,70.145,66.03,74.343,63.995,76.816,1,14
22,27.379,27.382,26.509,28.231,26.045,28.679,69.053,64.97,73.216,62.97,75.663,1,14
23,26.962,26.969,26.103,27.803,25.64,28.241,68.001,63.963,72.128,61.984,74.529,1,14
24,26.561,26.568,25.712,27.394,25.251,27.825,66.989,62.996,71.074,61.042,73.458,1,14
25,26.175,26.183,25.336,27.001,24.884,27.426,66.016,62.07,70.053,60.159,72.41,1,14
26,25.804,25.812,24.968,26.624,24.53,27.044,65.08,61.191,69.061,59.303,71.374,1,14
27,25.447,25.456,24.62,26.262,24.186,26.668,64.181,60.324,68.111,58.483,70.414,1,14
28,25.104,25.113,24.288,25.913,23.851,26.311,63.316,59.512,67.189,57.689,69.471,1,14
29,24.775,24.783,23.969,25.577,23.531,25.975,62.484,58.732,66.299,56.943,68.558,1,14
30,24.458,24.465,23.658,25.249,23.229,25.645,61.685,58.001,65.449,56.203,67.677,1,14
31,24.153,24.158,23.361,24.936,22.936,25.331,60.916,57.285,64.621,55.534,66.814,1,14
32,23.86,23.862,23.076,24.634,22.653,25.034,60.177,56.588,63.82,54.889,65.995,1,14
33,23.578,23.579,22.804,24.345,22.386,24.748,59.465,55.932,63.062,54.248,65.205,2,14
34,23.307,23.307,22.541,24.064,22.133,24.467,58.781,55.301,62.34,53.636,64.445,2,14
35,23.046,23.045,22.289,23.796,21.882,24.195,58.122,54.696,61.61,53.066,63.738,2,14
36,22.795,22.798,22.047,23.54,21.643,23.938,57.487,54.112,60.927,52.516,63.018,2,14
37,22.552,22.554,21.807,23.291,21.412,23.69,56.875,53.556,60.264,51.969,62.314,2,14
38,22.318,22.321,21.583,23.05,21.196,23.442,56.286,53.012,59.626,51.453,61.648,2,14
39,22.093,22.096,21.363,22.818,20.985,23.211,55.716,52.482,59.009,50.948,61.034,2,14
40,21.875,21.878,21.152,22.596,20.78,22.981,55.167,51.985,58.426,50.464,60.431,2,14
41,21.664,21.669,20.944,22.382,20.575,22.762,54.635,51.503,57.851,49.987,59.867,2,14
42,21.461,21.465,20.748,22.176,20.382,22.549,54.121,51.042,57.307,49.511,59.29,2,14
43,21.264,21.263,20.553,21.973,20.183,22.338,53.624,50.575,56.779,49.044,58.724,2,14
44,21.072,21.071,20.365,21.783,19.996,22.148,53.141,50.123,56.281,48.617,58.201,2,14
45,20.887,20.884,20.182,21.595,19.811,21.96,52.673,49.682,55.803,48.182,57.688,2,14
46,20.707,20.706,20.004,21.415,19.637,21.776,52.218,49.248,55.324,47.749,57.196,2,14
47,20.531,20.53,19.83,21.239,19.457,21.6,51.776,48.83,54.853,47.355,56.707,2,14
48,20.36,20.36,19.663,21.064,19.292,21.43,51.345,48.417,54.392,46.976,56.215,2,14
49,20.194,20.195,19.499,20.894,19.124,21.258,50.924,48.015,53.953,46.581,55.745,2,14
50,20.031,20.033,19.336,20.729,18.962,21.093,50.513,47.616,53.513,46.221,55.317,2,14
51,19.871,19.875,19.179,20.568,18.808,20.933,50.111,47.228,53.093,45.847,54.901,2,14
52,19.715,19.716,19.025,20.411,18.661,20.778,49.717,46.858,52.678,45.482,54.467,2,14
53,19.561,19.562,18.871,20.258,18.515,20.627,49.329,46.492,52.264,45.119,54.024,2,14
54,19.41,19.411,18.722,20.111,18.363,20.471,48.948,46.123,51.867,44.754,53.636,2,14
55,19.261,19.259,18.572,19.962,18.21,20.321,48.573,45.76,51.47,44.4,53.221,2,14
56,19.114,19.111,18.425,19.819,18.062,20.172,48.202,45.408,51.086,44.044,52.808,2,14
57,18.969,18.965,18.278,19.675,17.915,20.025,47.835,45.063,50.697,43.695,52.407,2,14
58,18.825,18.821,18.135,19.532,17.772,19.887,47.472,44.715,50.316,43.355,51.996,2,14
59,18.682,18.676,17.994,19.39,17.632,19.748,47.111,44.374,49.94,43.02,51.627,2,14
60,18.54,18.532,17.853,19.242,17.486,19.604,46.753,44.032,49.559,42.667,51.224,2,14
61,18.398,18.389,17.713,19.1,17.347,19.465,46.396,43.696,49.191,42.315,50.844,2,14
62,18.257,18.247,17.571,18.96,17.208,19.322,46.04,43.361,48.832,41.974,50.467,2,14
63,18.116,18.108,17.431,18.819,17.067,19.184,45.684,43.032,48.457,41.641,50.084,2,14
64,17.975,17.967,17.29,18.677,16.926,19.04,45.329,42.695,48.084,41.311,49.721,2,14
65,17.834,17.829,17.149,18.533,16.785,18.898,44.973,42.351,47.725,40.97,49.334,3,14
66,17.693,17.687,17.007,18.387,16.646,18.757,44.617,42.015,47.353,40.645,48.96,3,14
67,17.551,17.546,16.864,18.242,16.509,18.617,44.26,41.671,46.981,40.314,48.567,3,14
68,17.409,17.404,16.72,18.097,16.364,18.473,43.901,41.326,46.596,39.966,48.186,3,14
69,17.266,17.26,16.578,17.954,16.221,18.329,43.54,40.983,46.206,39.645,47.796,3,14
70,17.122,17.117,16.434,17.807,16.082,18.186,43.178,40.624,45.83,39.3,47.418,3,14
71,16.978,16.975,16.294,17.662,15.938,18.037,42.814,40.269,45.456,38.973,47.041,3,14
72,16.833,16.828,16.151,17.515,15.794,17.888,42.447,39.913,45.082,38.647,46.628,3,14
73,16.687,16.683,16.006,17.368,15.65,17.739,42.079,39.565,44.69,38.307,46.22,3,14
74,16.54,16.537,15.86,17.22,15.506,17.59,41.708,39.206,44.29,37.933,45.821,3,14
75,16.392,16.389,15.716,17.069,15.364,17.438,41.335,38.843,43.915,37.596,45.418,3,14
76,16.243,16.239,15.569,16.917,15.22,17.288,40.96,38.479,43.518,37.242,45.021,3,14
77,16.094,16.09,15.423,16.767,15.072,17.133,40.583,38.113,43.135,36.887,44.597,3,14
78,15.943,15.939,15.276,16.613,14.928,16.975,40.205,37.739,42.742,36.544,44.186,3,14
79,15.792,15.789,15.13,16.458,14.781,16.819,39.824,37.377,42.346,36.188,43.781,3,14
80,15.641,15.637,14.982,16.306,14.633,16.664,39.442,37.011,41.949,35.825,43.383,3,14
81,15.489,15.486,14.832,16.152,14.485,16.503,39.058,36.648,41.547,35.454,42.974,3,14
82,15.336,15.334,14.685,15.993,14.335,16.354,38.674,36.282,41.154,35.099,42.584,3,14
83,15.183,15.182,14.53,15.839,14.189,16.197,38.289,35.912,40.752,34.726,42.158,3,14
84,15.03,15.03,14.38,15.685,14.038,16.041,37.903,35.537,40.353,34.348,41.744,3,14
85,14.877,14.877,14.231,15.528,13.889,15.886,37.517,35.166,39.955,33.969,41.31,3,14
86,14.725,14.725,14.084,15.371,13.742,15.729,37.132,34.799,39.555,33.618,40.903,3,14
87,14.572,14.574,13.935,15.215,13.593,15.572,36.747,34.426,39.157,33.265,40.499,3,14
88,14.42,14.423,13.788,15.06,13.444,15.419,36.364,34.056,38.76,32.91,40.085,3,14
89,14.268,14.27,13.637,14.904,13.293,15.265,35.981,33.679,38.359,32.555,39.689,3,14
90,14.117,14.119,13.486,14.748,13.147,15.108,35.601,33.306,37.958,32.181,39.27,3,14
91,13.967,13.969,13.336,14.595,13.003,14.962,35.223,32.94,37.566,31.821,38.867,3,14
92,13.818,13.818,13.187,14.443,12.858,14.81,34.847,32.586,37.175,31.474,38.479,3,14
93,13.671,13.671,13.039,14.293,12.712,14.659,34.475,32.227,36.785,31.118,38.1,3,14
94,13.524,13.527,12.893,14.146,12.569,14.506,34.106,31.873,36.394,30.757,37.707,3,14
95,13.379,13.382,12.747,14.001,12.425,14.352,33.741,31.514,36.0,30.418,37.313,3,14
96,13.236,13.24,12.606,13.856,12.282,14.208,33.381,31.168,35.638,30.078,36.959,3,14
97,13.095,13.098,12.467,13.713,12.148,14.06,33.025,30.826,35.266,29.735,36.601,4,14
98,12.956,12.958,12.331,13.574,12.007,13.918,32.674,30.485,34.9,29.408,36.219,4,14
99,12.819,12.822,12.195,13.435,11.871,13.775,32.328,30.148,34.541,29.072,35.861,4,14
100,12.684,12.687,12.061,13.303,11.735,13.634,31.988,29.805,34.201,28.748,35.514,4,14
101,12.551,12.554,11.931,13.167,11.606,13.499,31.654,29.477,33.858,28.423,35.173,4,14
102,12.422,12.422,11.799,13.037,11.477,13.369,31.327,29.162,33.522,28.106,34.839,4,14
103,12.294,12.295,11.673,12.91,11.351,13.243,31.005,28.85,33.197,27.796,34.496,4,14
104,12.169,12.17,11.552,12.786,11.23,13.113,30.691,28.541,32.873,27.489,34.164,4,14
105,12.047,12.047,11.432,12.662,11.11,12.992,30.384,28.24,32.561,27.208,33.856,4,14
106,11.928,11.925,11.313,12.54,10.991,12.873,30.083,27.941,32.256,26.906,33.544,4,14
107,11.812,11.81,11.194,12.426,10.874,12.756,29.79,27.651,31.958,26.64,33.242,4,14
108,11.699,11.698,11.08,12.313,10.761,12.645,29.505,27.384,31.667,26.374,32.942,4,14
109,11.589,11.587,10.968,12.202,10.65,12.533,29.227,27.114,31.384,26.104,32.66,4,14
110,11.481,11.479,10.862,12.095,10.546,12.424,28.956,26.853,31.109,25.847,32.39,4,14
111,11.377,11.374,10.76,11.994,10.445,12.323,28.693,26.597,30.845,25.592,32.131,4,14
112,11.276,11.274,10.656,11.895,10.346,12.23,28.438,26.349,30.58,25.346,31.87,4,14
113,11.177,11.176,10.556,11.794,10.247,12.129,28.19,26.1,30.331,25.113,31.627,4,14
114,11.082,11.081,10.46,11.7,10.156,12.035,27.95,25.873,30.083,24.888,31.385,4,14
115,10.99,10.987,10.365,11.611,10.068,11.947,27.717,25.649,29.842,24.68,31.147,4,14
116,10.9,10.898,10.275,11.522,9.978,11.858,27.492,25.427,29.614,24.469,30.912,4,14
117,10.814,10.813,10.187,11.434,9.894,11.774,27.273,25.208,29.396,24.274,30.665,4,14
118,10.73,10.727,10.105,11.35,9.809,11.689,27.062,25.003,29.171,24.07,30.436,4,14
119,10.649,10.647,10.024,11.269,9.726,11.608,26.858,24.809,28.951,23.888,30.224,4,14
120,10.571,10.569,9.945,11.189,9.648,11.537,26.66,24.62,28.755,23.702,30.001,4,14
121,10.495,10.492,9.871,11.116,9.572,11.463,26.468,24.442,28.556,23.524,29.791,4,14
122,10.421,10.42,9.798,11.042,9.496,11.392,26.283,24.265,28.368,23.351,29.596,4,14
123,10.351,10.35,9.728,10.966,9.425,11.324,26.104,24.098,28.177,23.185,29.4,4,14
124,10.282,10.281,9.66,10.899,9.358,11.255,25.931,23.935,27.999,23.025,29.213,4,14
125,10.215,10.213,9.592,10.836,9.294,11.189,25.763,23.769,27.825,22.876,29.044,4,14
126,10.151,10.148,9.53,10.77,9.234,11.124,25.6,23.618,27.655,22.733,28.854,4,14
127,10.088,10.087,9.468,10.706,9.174,11.061,25.442,23.469,27.484,22.582,28.675,4,14
128,10.027,10.027,9.406,10.645,9.115,10.998,25.289,23.323,27.326,22.426,28.524,4,14
129,9.968,9.966,9.347,10.587,9.056,10.936,25.14,23.189,27.168,22.281,28.357,5,14
130,9.911,9.911,9.291,10.531,8.998,10.876,24.995,23.054,27.019,22.143,28.193,5,14
131,9.855,9.851,9.236,10.475,8.944,10.817,24.853,22.924,26.866,22.02,28.036,5,14
132,9.8,9.795,9.184,10.418,8.893,10.758,24.715,22.798,26.71,21.895,27.871,5,14
133,9.746,9.741,9.133,10.363,8.84,10.7,24.579,22.672,26.562,21.761,27.727,5,14
134,9.694,9.689,9.083,10.311,8.787,10.637,24.447,22.551,26.422,21.648,27.589,5,14
135,9.642,9.637,9.033,10.262,8.741,10.579,24.316,22.422,26.277,21.539,27.44,5,14
136,9.591,9.584,8.988,10.21,8.691,10.527,24.187,22.31,26.142,21.419,27.305,5,14
137,9.541,9.533,8.94,10.158,8.643,10.471,24.06,22.188,26.01,21.319,27.158,5,14
138,9.491,9.482,8.892,10.108,8.595,10.415,23.935,22.076,25.87,21.214,27.011,5,14
139,9.442,9.433,8.845,10.059,8.551,10.363,23.81,21.959,25.732,21.1,26.867,5,14
140,9.393,9.383,8.798,10.004,8.504,10.312,23.686,21.845,25.593,20.985,26.728,5,14
141,9.344,9.334,8.753,9.952,8.455,10.258,23.562,21.734,25.451,20.873,26.59,5,14
142,9.295,9.285,8.705,9.902,8.408,10.206,23.439,21.619,25.311,20.762,26.445,5,14
143,9.246,9.236,8.659,9.848,8.362,10.148,23.315,21.506,25.179,20.646,26.301,5,14
144,9.196,9.186,8.612,9.799,8.318,10.099,23.191,21.395,25.035,20.535,26.163,5,14
145,9.147,9.137,8.565,9.743,8.269,10.051,23.065,21.285,24.894,20.426,26.009,5,14
146,9.097,9.089,8.518,9.691,8.216,9.999,22.939,21.177,24.755,20.308,25.86,5,14
147,9.046,9.038,8.467,9.638,8.167,9.944,22.812,21.063,24.614,20.194,25.727,5,14
148,8.995,8.988,8.416,9.585,8.117,9.893,22.682,20.948,24.481,20.074,25.585,5,14
149,8.943,8.936,8.367,9.532,8.069,9.839,22.552,20.827,24.336,19.953,25.449,5,14
150,8.891,8.883,8.314,9.477,8.017,9.786,22.419,20.702,24.192,19.828,25.297,5,14
151,8.837,8.83,8.263,9.422,7.968,9.732,22.283,20.572,24.047,19.71,25.148,5,14
152,8.783,8.778,8.209,9.367,7.912,9.675,22.146,20.439,23.899,19.585,24.986,5,14
153,8.727,8.722,8.154,9.309,7.859,9.615,22.006,20.31,23.75,19.448,24.817,5,14
154,8.671,8.665,8.095,9.252,7.807,9.561,21.863,20.169,23.6,19.318,24.672,5,14
155,8.613,8.608,8.037,9.193,7.751,9.504,21.717,20.037,23.456,19.177,24.51,5,14
156,8.554,8.55,7.977,9.134,7.693,9.447,21.568,19.891,23.298,19.04,24.346,5,14
157,8.493,8.489,7.919,9.073,7.63,9.388,21.416,19.745,23.15,18.885,24.178,5,14
158,8.432,8.427,7.856,9.012,7.566,9.323,21.261,19.584,22.997,18.732,24.006,5,14
159,8.369,8.365,7.791,8.951,7.499,9.262,21.102,19.423,22.835,18.581,23.842,5,14
160,8.305,8.3,7.726,8.887,7.436,9.2,20.941,19.265,22.678,18.41,23.674,5,14
161,8.239,8.235,7.658,8.826,7.367,9.139,20.775,19.1,22.512,18.259,23.497,6,14
162,8.172,8.17,7.587,8.761,7.298,9.073,20.607,18.927,22.346,18.096,23.324,6,14
163,8.104,8.105,7.517,8.696,7.229,9.007,20.435,18.752,22.171,17.927,23.151,6,14
164,8.035,8.033,7.445,8.628,7.157,8.938,20.259,18.571,21.997,17.734,22.983,6,14
165,7.964,7.961,7.37,8.56,7.08,8.871,20.08,18.388,21.815,17.545,22.812,6,14
166,7.891,7.889,7.295,8.49,7.0,8.797,19.898,18.206,21.643,17.347,22.625,6,14
167,7.818,7.815,7.22,8.422,6.922,8.735,19.713,18.018,21.465,17.149,22.434,6,14
168,7.743,7.739,7.142,8.349,6.843,8.662,19.525,17.821,21.279,16.955,22.259,6,14
169,7.667,7.664,7.065,8.275,6.757,8.593,19.334,17.62,21.101,16.739,22.073,6,14
170,7.59,7.585,6.984,8.201,6.673,8.521,19.14,17.416,20.911,16.534,21.879,6,14
171,7.512,7.507,6.901,8.128,6.587,8.447,18.943,17.21,20.721,16.316,21.686,6,14
172,7.433,7.427,6.823,8.052,6.501,8.375,18.744,17.005,20.528,16.097,21.488,6,14
173,7.354,7.348,6.736,7.978,6.414,8.301,18.543,16.789,20.324,15.885,21.285,6,14
174,7.273,7.27,6.65,7.9,6.331,8.227,18.34,16.571,20.126,15.675,21.084,6,14
175,7.192,7.19,6.564,7.822,6.242,8.152,18.135,16.358,19.925,15.466,20.875,6,14
176,7.11,7.11,6.479,7.74,6.154,8.078,17.929,16.137,19.72,15.242,20.665,6,14
177,7.027,7.029,6.392,7.659,6.063,7.998,17.721,15.922,19.514,15.021,20.447,6,14
178,6.945,6.946,6.306,7.579,5.979,7.918,17.513,15.708,19.31,14.791,20.233,6,14
179,6.862,6.863,6.22,7.5,5.888,7.842,17.304,15.493,19.102,14.572,20.036,6,14
180,6.779,6.781,6.135,7.42,5.802,7.758,17.095,15.266,18.912,14.343,19.843,6,14
181,6.696,6.7,6.048,7.339,5.714,7.675,16.885,15.052,18.709,14.132,19.639,6,14
182,6.613,6.618,5.96,7.258,5.628,7.594,16.677,14.841,18.5,13.918,19.435,6,14
183,6.53,6.535,5.876,7.176,5.548,7.513,16.468,14.636,18.296,13.718,19.228,6,14
184,6.448,6.453,5.791,7.095,5.462,7.432,16.261,14.425,18.089,13.5,19.029,6,14
185,6.366,6.369,5.708,7.017,5.386,7.35,16.055,14.216,17.886,13.299,18.834,6,14
186,6.285,6.287,5.627,6.936,5.306,7.268,15.851,14.009,17.686,13.106,18.627,6,14
187,6.205,6.207,5.546,6.855,5.229,7.185,15.649,13.809,17.492,12.918,18.42,6,14
188,6.125,6.126,5.47,6.778,5.155,7.106,15.449,13.611,17.293,12.727,18.225,6,14
189,6.047,6.045,5.392,6.7,5.079,7.025,15.251,13.416,17.089,12.543,18.023,6,14
190,5.97,5.967,5.315,6.623,5.009,6.949,15.057,13.222,16.892,12.357,17.819,6,14
191,5.894,5.891,5.242,6.548,4.939,6.873,14.865,13.039,16.694,12.191,17.631,6,14
192,5.819,5.816,5.17,6.473,4.87,6.797,14.677,12.854,16.496,12.022,17.434,6,14
193,5.746,5.742,5.098,6.397,4.803,6.724,14.492,12.687,16.307,11.849,17.258,7,14
194,5.674,5.669,5.03,6.325,4.737,6.645,14.312,12.514,16.126,11.696,17.071,7,14
195,5.604,5.597,4.964,6.253,4.675,6.577,14.135,12.352,15.942,11.537,16.893,7,14
196,5.535,5.525,4.9,6.183,4.616,6.509,13.963,12.195,15.764,11.381,16.712,7,14
197,5.469,5.455,4.836,6.115,4.558,6.442,13.794,12.045,15.582,11.239,16.551,7,14
198,5.404,5.39,4.78,6.049,4.502,6.374,13.631,11.893,15.412,11.106,16.381,7,14
199,5.341,5.325,4.722,5.983,4.449,6.308,13.472,11.749,15.251,10.973,16.235,7,14
200,5.28,5.261,4.668,5.92,4.389,6.244,13.318,11.609,15.091,10.851,16.085,7,14
201,5.22,5.2,4.612,5.858,4.334,6.182,13.168,11.476,14.937,10.731,15.936,7,14
202,5.163,5.142,4.559,5.797,4.286,6.129,13.024,11.35,14.78,10.617,15.782,7,14
203,5.108,5.087,4.51,5.738,4.235,6.07,12.884,11.222,14.623,10.501,15.638,7,14
204,5.054,5.032,4.463,5.681,4.188,6.012,12.749,11.103,14.464,10.394,15.493,7,14
205,5.003,4.981,4.416,5.626,4.14,5.956,12.619,10.99,14.325,10.288,15.355,7,14
206,4.953,4.931,4.374,5.573,4.097,5.904,12.494,10.88,14.199,10.166,15.22,7,14
207,4.905,4.882,4.333,5.522,4.057,5.854,12.373,10.78,14.065,10.061,15.087,7,14
208,4.86,4.837,4.292,5.47,4.016,5.804,12.258,10.679,13.941,9.973,14.939,7,14
209,4.815,4.793,4.25,5.418,3.981,5.755,12.146,10.58,13.817,9.876,14.803,7,14
210,4.773,4.752,4.213,5.374,3.939,5.707,12.039,10.49,13.697,9.776,14.67,7,14
211,4.732,4.712,4.177,5.329,3.899,5.661,11.937,10.399,13.576,9.671,14.549,7,14
212,4.694,4.673,4.14,5.284,3.865,5.615,11.838,10.313,13.462,9.593,14.431,7,14
213,4.656,4.639,4.103,5.24,3.829,5.566,11.744,10.228,13.357,9.503,14.313,7,14
214,4.62,4.603,4.068,5.199,3.791,5.527,11.654,10.15,13.257,9.429,14.199,7,14
215,4.586,4.571,4.036,5.161,3.759,5.485,11.567,10.069,13.157,9.353,14.098,7,14
216,4.553,4.539,4.006,5.124,3.722,5.444,11.483,9.991,13.063,9.274,13.975,7,14
217,4.521,4.51,3.974,5.088,3.691,5.41,11.403,9.919,12.965,9.191,13.885,7,14
218,4.491,4.479,3.943,5.056,3.664,5.37,11.327,9.848,12.877,9.119,13.785,7,14
219,4.462,4.451,3.915,5.022,3.635,5.34,11.253,9.775,12.795,9.05,13.704,7,14
220,4.434,4.421,3.886,4.994,3.605,5.311,11.182,9.709,12.716,8.987,13.624,7,14
221,4.407,4.397,3.859,4.966,3.577,5.286,11.113,9.644,12.638,8.915,13.53,7,14
222,4.381,4.372,3.832,4.94,3.545,5.255,11.047,9.573,12.571,8.835,13.453,7,14
223,4.355,4.35,3.804,4.915,3.521,5.221,10.984,9.51,12.5,8.759,13.368,7,14
224,4.331,4.327,3.776,4.89,3.491,5.196,10.922,9.448,12.432,8.694,13.315,7,14
225,4.307,4.304,3.75,4.87,3.459,5.172,10.863,9.381,12.372,8.629,13.25,7,14
226,4.285,4.283,3.724,4.848,3.43,5.147,10.805,9.311,12.316,8.565,13.176,7,14
227,4.262,4.263,3.699,4.828,3.394,5.124,10.749,9.238,12.258,8.487,13.11,7,14
228,4.241,4.244,3.67,4.81,3.36,5.103,10.694,9.177,12.21,8.422,13.048,7,14
229,4.22,4.224,3.645,4.791,3.329,5.081,10.64,9.119,12.159,8.329,12.994,7,14
230,4.199,4.204,3.619,4.775,3.294,5.06,10.588,9.054,12.113,8.252,12.95,7,14
231,4.179,4.185,3.592,4.757,3.257,5.04,10.537,8.99,12.062,8.175,12.908,7,14
232,4.159,4.167,3.566,4.739,3.23,5.026,10.487,8.934,12.013,8.096,12.862,7,14
233,4.139,4.148,3.542,4.723,3.201,5.012,10.437,8.87,11.971,8.021,12.814,7,14
234,4.12,4.131,3.517,4.708,3.167,4.997,10.388,8.812,11.933,7.943,12.784,7,14
235,4.101,4.116,3.493,4.694,3.128,4.982,10.34,8.751,11.892,7.855,12.748,7,14
236,4.082,4.098,3.465,4.68,3.094,4.972,10.292,8.693,11.856,7.772,12.718,7,14
237,4.063,4.081,3.439,4.667,3.058,4.961,10.244,8.617,11.83,7.695,12.682,7,14
238,4.044,4.063,3.41,4.654,3.028,4.955,10.196,8.543,11.8,7.598,12.659,7,14
239,4.025,4.044,3.382,4.643,2.992,4.946,10.148,8.48,11.77,7.497,12.621,7,14
240,4.006,4.028,3.352,4.631,2.954,4.939,10.1,8.407,11.744,7.404,12.591,7,14
241,3.987,4.01,3.319,4.621,2.917,4.928,10.051,8.333,11.71,7.32,12.555,7,14
242,3.967,3.995,3.285,4.612,2.88,4.916,10.003,8.254,11.683,7.217,12.529,7,14
243,3.948,3.978,3.25,4.601,2.838,4.909,9.953,8.173,11.652,7.115,12.503,7,14
244,3.928,3.962,3.213,4.59,2.789,4.902,9.902,8.087,11.621,7.004,12.474,7,14
245,3.907,3.945,3.174,4.581,2.733,4.895,9.851,7.987,11.594,6.897,12.444,7,14
246,3.886,3.925,3.137,4.57,2.684,4.89,9.798,7.894,11.571,6.758,12.433,7,14
247,3.865,3.906,3.1,4.563,2.637,4.886,9.744,7.794,11.548,6.639,12.411,7,14
248,3.843,3.887,3.054,4.559,2.575,4.881,9.688,7.694,11.525,6.487,12.401,7,14
249,3.82,3.868,3.005,4.552,2.508,4.88,9.63,7.582,11.507,6.319,12.395,7,14
250,3.796,3.849,2.96,4.547,2.45,4.877,9.57,7.462,11.496,6.146,12.382,7,14
251,3.771,3.83,2.91,4.542,2.373,4.876,9.507,7.337,11.479,5.958,12.371,7,14
252,3.746,3.812,2.855,4.538,2.286,4.875,9.442,7.19,11.47,5.731,12.362,7,14
253,3.719,3.796,2.783,4.534,2.185,4.873,9.375,7.021,11.455,5.508,12.352,7,14
254,3.691,3.777,2.711,4.53,2.08,4.872,9.304,6.834,11.445,5.246,12.345,7,11
255,3.661,3.761,2.642,4.528,1.955,4.87,9.229,6.652,11.438,4.917,12.341,7,9
256,3.631,3.75,2.559,4.525,1.798,4.869,9.152,6.467,11.432,4.519,12.334,7,8
257,3.598,3.737,2.476,4.524,1.619,4.868,9.07,6.238,11.425,4.098,12.323,7,5
258,3.565,3.728,2.366,4.522,1.429,4.866,8.985,5.969,11.419,3.622,12.322,7,3
259,3.529,3.717,2.253,4.521,1.224,4.865,8.896,5.689,11.415,3.074,12.319,7,3
260,3.493,3.709,2.135,4.52,0.96,4.865,8.803,5.404,11.412,2.438,12.319,7,1
261,3.454,3.703,2.025,4.519,0.68,4.865,8.707,5.105,11.41,1.716,12.319,7,1
262,3.415,3.698,1.921,4.519,0.342,4.865,8.608,4.849,11.408,0.851,12.317,7,1
