pick,value_mean,value_median,value_lo80,value_hi80,value_lo95,value_hi95,rel_mean,rel_lo80,rel_hi80,rel_lo95,rel_hi95,round_approx
1,38.811,38.825,36.73,40.886,35.718,41.951,100.0,100.0,100.0,100.0,100.0,1
2,38.222,38.21,36.423,40.028,35.521,41.008,98.503,97.686,99.799,97.417,99.854,1
3,37.622,37.605,36.027,39.235,35.203,40.114,96.976,95.494,99.251,95.02,99.452,1
4,37.014,36.999,35.551,38.475,34.817,39.27,95.424,93.397,98.431,92.677,98.841,1
5,36.399,36.397,35.051,37.74,34.364,38.463,93.853,91.352,97.398,90.406,98.048,1
6,35.78,35.785,34.523,37.026,33.871,37.706,92.27,89.324,96.201,88.195,97.113,1
7,35.16,35.165,33.982,36.335,33.353,36.976,90.683,87.357,94.881,86.071,96.059,1
8,34.542,34.547,33.42,35.661,32.813,36.27,89.097,85.461,93.482,84.055,94.927,1
9,33.927,33.929,32.845,34.998,32.267,35.58,87.52,83.629,92.022,82.116,93.72,1
10,33.318,33.318,32.277,34.353,31.711,34.921,85.958,81.856,90.537,80.233,92.436,1
11,32.718,32.714,31.712,33.725,31.154,34.268,84.417,80.157,89.054,78.427,91.128,1
12,32.128,32.124,31.138,33.112,30.584,33.635,82.901,78.532,87.574,76.677,89.795,1
13,31.551,31.548,30.581,32.525,30.049,33.031,81.417,76.977,86.123,75.003,88.453,1
14,30.987,30.984,30.033,31.946,29.512,32.451,79.967,75.461,84.703,73.435,87.127,1
15,30.439,30.436,29.493,31.382,28.976,31.877,78.556,74.0,83.29,71.893,85.784,1
16,29.906,29.904,28.972,30.84,28.445,31.332,77.185,72.592,81.946,70.443,84.45,1
17,29.391,29.39,28.461,30.314,27.938,30.812,75.857,71.238,80.635,69.064,83.117,1
18,28.893,28.893,27.972,29.811,27.452,30.307,74.574,69.956,79.349,67.74,81.865,1
19,28.412,28.414,27.501,29.326,26.981,29.823,73.337,68.712,78.092,66.505,80.622,1
20,27.95,27.95,27.039,28.858,26.53,29.346,72.146,67.518,76.898,65.319,79.409,1
21,27.506,27.507,26.604,28.41,26.089,28.89,71.001,66.4,75.731,64.204,78.248,1
22,27.08,27.085,26.184,27.979,25.669,28.458,69.902,65.33,74.6,63.14,77.116,1
23,26.671,26.678,25.782,27.567,25.269,28.033,68.848,64.309,73.514,62.135,76.001,1
24,26.28,26.285,25.397,27.171,24.877,27.629,67.839,63.321,72.476,61.2,74.926,1
25,25.906,25.909,25.027,26.79,24.513,27.251,66.873,62.387,71.477,60.344,73.904,1
26,25.548,25.549,24.674,26.43,24.17,26.881,65.949,61.502,70.5,59.499,72.935,1
27,25.205,25.207,24.334,26.076,23.84,26.536,65.065,60.675,69.561,58.696,71.997,1
28,24.878,24.88,24.01,25.745,23.527,26.202,64.22,59.894,68.669,57.943,71.046,1
29,24.565,24.566,23.703,25.423,23.231,25.888,63.413,59.142,67.815,57.195,70.145,1
30,24.266,24.267,23.408,25.117,22.948,25.579,62.64,58.418,67.002,56.489,69.327,1
31,23.98,23.981,23.132,24.829,22.677,25.282,61.902,57.743,66.213,55.815,68.505,1
32,23.706,23.706,22.858,24.546,22.409,24.99,61.195,57.089,65.45,55.18,67.739,1
33,23.444,23.445,22.603,24.282,22.163,24.718,60.518,56.473,64.708,54.565,66.964,2
34,23.193,23.193,22.357,24.023,21.92,24.454,59.87,55.879,63.994,54.001,66.239,2
35,22.953,22.955,22.127,23.776,21.691,24.212,59.248,55.311,63.331,53.427,65.527,2
36,22.722,22.721,21.903,23.539,21.469,23.975,58.651,54.774,62.684,52.911,64.844,2
37,22.499,22.498,21.689,23.312,21.266,23.743,58.077,54.238,62.067,52.413,64.177,2
38,22.286,22.283,21.482,23.09,21.064,23.522,57.525,53.729,61.468,51.92,63.576,2
39,22.08,22.076,21.284,22.877,20.863,23.311,56.993,53.258,60.889,51.439,62.982,2
40,21.881,21.88,21.091,22.671,20.675,23.112,56.48,52.796,60.321,51.002,62.407,2
41,21.689,21.686,20.904,22.475,20.499,22.906,55.984,52.343,59.779,50.569,61.821,2
42,21.503,21.501,20.723,22.289,20.318,22.713,55.503,51.904,59.255,50.159,61.279,2
43,21.323,21.317,20.549,22.102,20.145,22.524,55.037,51.468,58.732,49.762,60.744,2
44,21.148,21.143,20.38,21.923,19.982,22.334,54.585,51.046,58.234,49.348,60.238,2
45,20.977,20.972,20.212,21.747,19.819,22.157,54.144,50.647,57.746,48.969,59.745,2
46,20.811,20.806,20.049,21.574,19.661,21.993,53.714,50.248,57.293,48.598,59.277,2
47,20.648,20.642,19.89,21.412,19.499,21.822,53.294,49.866,56.841,48.213,58.811,2
48,20.489,20.48,19.732,21.249,19.342,21.662,52.883,49.499,56.4,47.836,58.363,2
49,20.333,20.325,19.58,21.088,19.186,21.504,52.48,49.121,55.959,47.484,57.924,2
50,20.179,20.173,19.426,20.931,19.032,21.349,52.083,48.763,55.531,47.131,57.483,2
51,20.028,20.021,19.274,20.776,18.889,21.189,51.692,48.401,55.119,46.791,57.072,2
52,19.878,19.873,19.128,20.621,18.741,21.042,51.306,48.043,54.713,46.436,56.649,2
53,19.73,19.725,18.983,20.472,18.593,20.888,50.924,47.685,54.315,46.083,56.218,2
54,19.584,19.582,18.837,20.325,18.449,20.736,50.545,47.334,53.914,45.741,55.803,2
55,19.438,19.435,18.693,20.183,18.303,20.593,50.169,46.985,53.524,45.421,55.389,2
56,19.293,19.292,18.549,20.038,18.155,20.438,49.795,46.617,53.134,45.091,54.976,2
57,19.149,19.149,18.406,19.891,18.013,20.3,49.422,46.273,52.743,44.759,54.54,2
58,19.005,19.004,18.261,19.745,17.871,20.152,49.05,45.927,52.352,44.416,54.117,2
59,18.86,18.86,18.118,19.601,17.727,20.005,48.677,45.576,51.953,44.059,53.717,2
60,18.716,18.717,17.976,19.457,17.592,19.859,48.304,45.229,51.561,43.721,53.324,2
61,18.571,18.572,17.836,19.313,17.45,19.709,47.931,44.869,51.162,43.358,52.922,2
62,18.426,18.426,17.685,19.164,17.306,19.561,47.555,44.518,50.768,43.001,52.507,2
63,18.28,18.279,17.541,19.017,17.159,19.412,47.178,44.165,50.362,42.644,52.077,2
64,18.133,18.132,17.398,18.869,17.014,19.257,46.799,43.803,49.974,42.278,51.658,2
65,17.985,17.985,17.252,18.722,16.866,19.11,46.417,43.444,49.569,41.903,51.239,3
66,17.836,17.837,17.104,18.569,16.717,18.957,46.033,43.077,49.173,41.524,50.819,3
67,17.686,17.687,16.954,18.419,16.571,18.802,45.646,42.706,48.754,41.18,50.4,3
68,17.535,17.534,16.804,18.268,16.42,18.651,45.256,42.334,48.343,40.803,49.97,3
69,17.383,17.381,16.654,18.114,16.271,18.495,44.863,41.953,47.939,40.448,49.542,3
70,17.229,17.23,16.501,17.963,16.115,18.346,44.467,41.588,47.521,40.092,49.123,3
71,17.075,17.075,16.35,17.806,15.964,18.187,44.068,41.206,47.109,39.719,48.702,3
72,16.919,16.918,16.195,17.65,15.813,18.03,43.666,40.817,46.693,39.343,48.289,3
73,16.762,16.762,16.038,17.493,15.657,17.868,43.261,40.429,46.266,38.928,47.856,3
74,16.604,16.604,15.883,17.332,15.499,17.704,42.853,40.043,45.83,38.546,47.413,3
75,16.445,16.447,15.727,17.17,15.338,17.544,42.443,39.656,45.398,38.168,46.977,3
76,16.285,16.288,15.568,17.008,15.178,17.385,42.03,39.248,44.982,37.795,46.528,3
77,16.125,16.126,15.411,16.844,15.023,17.221,41.616,38.849,44.55,37.393,46.075,3
78,15.963,15.963,15.25,16.682,14.861,17.052,41.199,38.453,44.109,37.01,45.623,3
79,15.801,15.8,15.088,16.52,14.699,16.887,40.781,38.049,43.668,36.607,45.17,3
80,15.639,15.637,14.928,16.352,14.532,16.717,40.362,37.641,43.218,36.231,44.711,3
81,15.476,15.475,14.766,16.188,14.373,16.554,39.943,37.232,42.77,35.832,44.275,3
82,15.313,15.311,14.605,16.024,14.215,16.389,39.523,36.824,42.337,35.433,43.831,3
83,15.151,15.148,14.442,15.86,14.057,16.22,39.103,36.416,41.899,35.037,43.389,3
84,14.988,14.986,14.281,15.696,13.896,16.054,38.683,36.012,41.454,34.642,42.969,3
85,14.826,14.825,14.121,15.53,13.742,15.895,38.265,35.616,41.012,34.254,42.527,3
86,14.664,14.665,13.96,15.366,13.58,15.732,37.848,35.219,40.579,33.855,42.08,3
87,14.503,14.503,13.802,15.201,13.424,15.566,37.433,34.813,40.138,33.475,41.641,3
88,14.343,14.344,13.646,15.042,13.262,15.403,37.02,34.408,39.707,33.089,41.208,3
89,14.184,14.185,13.491,14.88,13.105,15.237,36.61,34.01,39.28,32.692,40.789,3
90,14.027,14.027,13.333,14.721,12.959,15.077,36.203,33.622,38.862,32.303,40.367,3
91,13.87,13.871,13.178,14.559,12.809,14.918,35.8,33.227,38.447,31.919,39.934,3
92,13.716,13.715,13.025,14.405,12.662,14.762,35.401,32.833,38.043,31.551,39.507,3
93,13.563,13.562,12.873,14.251,12.511,14.614,35.006,32.458,37.636,31.183,39.102,3
94,13.412,13.41,12.724,14.099,12.361,14.464,34.616,32.073,37.231,30.814,38.69,3
95,13.263,13.26,12.578,13.948,12.215,14.313,34.232,31.691,36.829,30.452,38.296,3
96,13.116,13.111,12.435,13.803,12.071,14.165,33.853,31.315,36.436,30.09,37.896,3
97,12.971,12.966,12.291,13.661,11.935,14.016,33.48,30.953,36.058,29.736,37.487,4
98,12.829,12.825,12.147,13.517,11.798,13.87,33.113,30.61,35.673,29.386,37.108,4
99,12.689,12.684,12.009,13.379,11.656,13.729,32.753,30.256,35.3,29.054,36.731,4
100,12.552,12.548,11.873,13.242,11.517,13.589,32.4,29.926,34.929,28.714,36.363,4
101,12.418,12.412,11.742,13.105,11.383,13.452,32.054,29.586,34.573,28.382,35.995,4
102,12.287,12.279,11.608,12.974,11.253,13.322,31.715,29.258,34.219,28.075,35.657,4
103,12.158,12.152,11.479,12.844,11.13,13.19,31.383,28.931,33.877,27.764,35.306,4
104,12.033,12.028,11.355,12.722,11.009,13.065,31.059,28.626,33.543,27.456,34.964,4
105,11.91,11.905,11.23,12.599,10.888,12.941,30.743,28.314,33.222,27.153,34.634,4
106,11.791,11.783,11.109,12.481,10.772,12.823,30.434,28.021,32.901,26.857,34.3,4
107,11.674,11.668,10.993,12.366,10.653,12.702,30.134,27.728,32.588,26.571,33.977,4
108,11.561,11.554,10.878,12.253,10.543,12.588,29.841,27.447,32.287,26.293,33.671,4
109,11.45,11.444,10.769,12.142,10.433,12.483,29.556,27.169,31.988,26.014,33.357,4
110,11.343,11.338,10.664,12.032,10.329,12.38,29.279,26.904,31.712,25.751,33.038,4
111,11.238,11.233,10.562,11.926,10.223,12.272,29.01,26.641,31.434,25.494,32.731,4
112,11.137,11.133,10.46,11.822,10.124,12.164,28.748,26.389,31.163,25.244,32.452,4
113,11.039,11.034,10.362,11.723,10.03,12.068,28.494,26.139,30.914,25.006,32.197,4
114,10.943,10.939,10.268,11.623,9.937,11.972,28.248,25.901,30.655,24.783,31.939,4
115,10.851,10.847,10.175,11.528,9.852,11.871,28.009,25.672,30.404,24.546,31.676,4
116,10.761,10.756,10.087,11.437,9.764,11.782,27.777,25.437,30.165,24.335,31.417,4
117,10.674,10.669,10.001,11.349,9.678,11.696,27.553,25.222,29.933,24.116,31.19,4
118,10.59,10.584,9.918,11.265,9.592,11.612,27.335,25.013,29.7,23.917,30.959,4
119,10.508,10.501,9.838,11.181,9.512,11.53,27.124,24.806,29.474,23.725,30.727,4
120,10.429,10.423,9.754,11.101,9.436,11.452,26.919,24.61,29.256,23.539,30.504,4
121,10.352,10.348,9.68,11.025,9.352,11.376,26.721,24.423,29.043,23.367,30.296,4
122,10.277,10.274,9.605,10.95,9.274,11.302,26.528,24.235,28.839,23.192,30.099,4
123,10.205,10.203,9.535,10.877,9.203,11.227,26.341,24.069,28.641,23.023,29.896,4
124,10.134,10.133,9.466,10.804,9.134,11.153,26.159,23.897,28.449,22.854,29.695,4
125,10.066,10.065,9.398,10.735,9.066,11.078,25.983,23.735,28.265,22.688,29.511,4
126,10.0,9.996,9.333,10.67,9.001,11.011,25.811,23.572,28.084,22.521,29.32,4
127,9.935,9.93,9.266,10.605,8.937,10.945,25.644,23.424,27.907,22.374,29.141,4
128,9.872,9.868,9.205,10.54,8.882,10.883,25.481,23.278,27.734,22.214,28.967,4
129,9.81,9.806,9.145,10.477,8.818,10.819,25.322,23.139,27.564,22.052,28.796,5
130,9.75,9.743,9.085,10.418,8.765,10.757,25.167,22.993,27.394,21.93,28.62,5
131,9.691,9.686,9.027,10.357,8.704,10.697,25.015,22.851,27.231,21.792,28.448,5
132,9.634,9.628,8.972,10.298,8.647,10.64,24.866,22.704,27.071,21.65,28.278,5
133,9.577,9.572,8.915,10.24,8.592,10.583,24.719,22.573,26.917,21.514,28.132,5
134,9.521,9.518,8.861,10.183,8.532,10.529,24.575,22.436,26.758,21.382,27.961,5
135,9.467,9.463,8.81,10.127,8.481,10.468,24.434,22.302,26.606,21.263,27.808,5
136,9.412,9.41,8.756,10.071,8.427,10.414,24.294,22.178,26.455,21.145,27.647,5
137,9.359,9.356,8.702,10.016,8.375,10.36,24.155,22.058,26.305,21.021,27.496,5
138,9.306,9.303,8.65,9.963,8.323,10.306,24.018,21.935,26.162,20.894,27.337,5
139,9.253,9.251,8.598,9.906,8.271,10.255,23.882,21.81,26.014,20.768,27.188,5
140,9.201,9.2,8.549,9.854,8.216,10.198,23.746,21.687,25.874,20.645,27.034,5
141,9.148,9.148,8.499,9.802,8.165,10.144,23.611,21.565,25.724,20.532,26.898,5
142,9.096,9.096,8.444,9.749,8.111,10.088,23.476,21.434,25.577,20.415,26.729,5
143,9.044,9.045,8.393,9.695,8.057,10.032,23.341,21.312,25.433,20.283,26.57,5
144,8.991,8.994,8.338,9.642,8.005,9.975,23.205,21.183,25.283,20.158,26.417,5
145,8.939,8.94,8.285,9.588,7.954,9.917,23.069,21.058,25.137,20.044,26.255,5
146,8.886,8.887,8.234,9.529,7.901,9.861,22.933,20.93,24.994,19.918,26.09,5
147,8.832,8.835,8.184,9.474,7.85,9.805,22.795,20.804,24.847,19.804,25.95,5
148,8.779,8.781,8.132,9.421,7.8,9.747,22.656,20.675,24.695,19.682,25.804,5
149,8.724,8.727,8.079,9.364,7.747,9.685,22.515,20.542,24.543,19.566,25.663,5
150,8.669,8.67,8.026,9.31,7.691,9.63,22.373,20.406,24.393,19.418,25.49,5
151,8.614,8.617,7.971,9.252,7.636,9.572,22.23,20.272,24.232,19.296,25.338,5
152,8.557,8.559,7.915,9.193,7.58,9.512,22.084,20.131,24.07,19.158,25.176,5
153,8.5,8.504,7.863,9.131,7.521,9.455,21.936,19.988,23.912,19.023,25.03,5
154,8.442,8.445,7.804,9.07,7.461,9.396,21.787,19.838,23.753,18.888,24.863,5
155,8.383,8.387,7.746,9.014,7.398,9.331,21.635,19.692,23.588,18.739,24.717,5
156,8.324,8.326,7.687,8.954,7.339,9.265,21.48,19.543,23.428,18.583,24.565,5
157,8.263,8.264,7.628,8.891,7.283,9.204,21.323,19.394,23.27,18.446,24.397,5
158,8.201,8.203,7.565,8.832,7.22,9.142,21.164,19.248,23.108,18.286,24.232,5
159,8.138,8.141,7.502,8.771,7.158,9.08,21.002,19.089,22.945,18.133,24.064,5
160,8.075,8.079,7.437,8.709,7.094,9.019,20.838,18.927,22.777,17.968,23.9,5
161,8.01,8.013,7.37,8.645,7.025,8.957,20.671,18.767,22.602,17.8,23.706,6
162,7.944,7.948,7.301,8.578,6.959,8.896,20.501,18.602,22.433,17.619,23.515,6
163,7.877,7.883,7.233,8.515,6.892,8.829,20.329,18.431,22.262,17.445,23.338,6
164,7.81,7.814,7.164,8.448,6.825,8.76,20.154,18.264,22.084,17.264,23.16,6
165,7.741,7.746,7.096,8.382,6.76,8.693,19.977,18.084,21.913,17.075,22.988,6
166,7.671,7.676,7.024,8.313,6.69,8.63,19.798,17.901,21.74,16.896,22.813,6
167,7.601,7.606,6.949,8.244,6.615,8.562,19.616,17.715,21.555,16.723,22.633,6
168,7.53,7.535,6.873,8.176,6.534,8.497,19.432,17.529,21.371,16.534,22.444,6
169,7.457,7.463,6.799,8.104,6.46,8.43,19.245,17.334,21.182,16.334,22.264,6
170,7.384,7.39,6.724,8.033,6.379,8.363,19.057,17.146,20.995,16.118,22.077,6
171,7.311,7.317,6.647,7.962,6.3,8.293,18.867,16.955,20.807,15.926,21.887,6
172,7.236,7.242,6.57,7.89,6.216,8.228,18.675,16.763,20.624,15.721,21.699,6
173,7.161,7.165,6.491,7.82,6.136,8.156,18.482,16.562,20.435,15.51,21.502,6
174,7.086,7.089,6.413,7.747,6.053,8.092,18.287,16.358,20.249,15.312,21.315,6
175,7.01,7.015,6.332,7.675,5.978,8.022,18.092,16.152,20.053,15.095,21.118,6
176,6.934,6.937,6.255,7.604,5.894,7.954,17.895,15.944,19.859,14.874,20.925,6
177,6.857,6.861,6.175,7.531,5.81,7.883,17.698,15.736,19.667,14.667,20.735,6
178,6.78,6.785,6.093,7.455,5.733,7.812,17.5,15.536,19.477,14.462,20.535,6
179,6.704,6.709,6.014,7.38,5.651,7.738,17.302,15.335,19.284,14.263,20.338,6
180,6.627,6.632,5.934,7.305,5.569,7.666,17.104,15.125,19.092,14.072,20.146,6
181,6.55,6.555,5.855,7.229,5.49,7.592,16.906,14.916,18.895,13.861,19.952,6
182,6.473,6.479,5.776,7.156,5.415,7.517,16.708,14.712,18.699,13.664,19.744,6
183,6.397,6.402,5.696,7.082,5.335,7.447,16.512,14.506,18.513,13.475,19.548,6
184,6.321,6.327,5.616,7.006,5.256,7.374,16.316,14.297,18.324,13.269,19.355,6
185,6.246,6.252,5.539,6.93,5.179,7.3,16.121,14.096,18.132,13.084,19.148,6
186,6.171,6.177,5.463,6.855,5.105,7.227,15.928,13.902,17.959,12.885,18.96,6
187,6.096,6.102,5.388,6.78,5.028,7.157,15.736,13.707,17.768,12.693,18.777,6
188,6.022,6.029,5.314,6.708,4.957,7.09,15.546,13.522,17.581,12.514,18.584,6
189,5.949,5.954,5.239,6.64,4.89,7.024,15.358,13.332,17.398,12.343,18.393,6
190,5.877,5.878,5.166,6.572,4.823,6.956,15.172,13.148,17.225,12.165,18.225,6
191,5.806,5.805,5.097,6.502,4.754,6.886,14.988,12.967,17.05,11.997,18.055,6
192,5.736,5.734,5.025,6.437,4.684,6.821,14.807,12.793,16.867,11.826,17.88,6
193,5.667,5.663,4.958,6.37,4.622,6.754,14.629,12.62,16.686,11.665,17.699,7
194,5.599,5.592,4.894,6.302,4.558,6.688,14.454,12.45,16.51,11.507,17.526,7
195,5.532,5.524,4.829,6.236,4.5,6.619,14.281,12.292,16.329,11.34,17.362,7
196,5.467,5.455,4.764,6.173,4.434,6.553,14.112,12.129,16.156,11.174,17.206,7
197,5.402,5.389,4.7,6.114,4.373,6.489,13.946,11.962,15.988,11.032,17.042,7
198,5.339,5.325,4.64,6.049,4.318,6.424,13.783,11.801,15.816,10.877,16.887,7
199,5.277,5.263,4.581,5.989,4.261,6.362,13.624,11.648,15.659,10.74,16.706,7
200,5.217,5.203,4.523,5.93,4.207,6.301,13.468,11.508,15.498,10.6,16.549,7
201,5.158,5.143,4.465,5.872,4.154,6.243,13.315,11.358,15.345,10.475,16.412,7
202,5.1,5.084,4.407,5.814,4.099,6.181,13.166,11.214,15.197,10.338,16.247,7
203,5.044,5.027,4.355,5.76,4.045,6.127,13.021,11.079,15.038,10.205,16.103,7
204,4.989,4.972,4.306,5.701,3.992,6.075,12.879,10.952,14.897,10.082,15.96,7
205,4.935,4.915,4.256,5.644,3.941,6.022,12.74,10.825,14.739,9.972,15.83,7
206,4.883,4.864,4.205,5.586,3.893,5.971,12.605,10.706,14.585,9.857,15.683,7
207,4.832,4.814,4.159,5.529,3.842,5.921,12.474,10.587,14.445,9.731,15.534,7
208,4.782,4.765,4.113,5.475,3.795,5.868,12.345,10.469,14.308,9.614,15.384,7
209,4.734,4.717,4.067,5.421,3.748,5.818,12.22,10.355,14.165,9.493,15.24,7
210,4.686,4.672,4.021,5.369,3.7,5.766,12.098,10.248,14.035,9.382,15.115,7
211,4.64,4.626,3.979,5.323,3.655,5.723,11.98,10.138,13.909,9.27,15.008,7
212,4.596,4.581,3.934,5.276,3.613,5.678,11.864,10.02,13.792,9.155,14.879,7
213,4.552,4.539,3.89,5.229,3.569,5.629,11.751,9.918,13.669,9.046,14.767,7
214,4.51,4.498,3.851,5.182,3.524,5.59,11.642,9.81,13.555,8.931,14.66,7
215,4.468,4.457,3.81,5.138,3.48,5.543,11.534,9.714,13.435,8.83,14.542,7
216,4.428,4.417,3.77,5.093,3.434,5.495,11.43,9.615,13.318,8.723,14.426,7
217,4.388,4.379,3.731,5.054,3.394,5.456,11.328,9.515,13.216,8.62,14.31,7
218,4.35,4.341,3.69,5.019,3.352,5.417,11.228,9.423,13.109,8.515,14.199,7
219,4.312,4.303,3.65,4.984,3.306,5.375,11.131,9.328,12.998,8.406,14.097,7
220,4.275,4.268,3.611,4.947,3.26,5.331,11.035,9.23,12.901,8.306,13.984,7
221,4.239,4.233,3.578,4.912,3.216,5.294,10.942,9.138,12.811,8.21,13.887,7
222,4.204,4.201,3.538,4.876,3.178,5.257,10.85,9.037,12.715,8.121,13.798,7
223,4.169,4.168,3.496,4.844,3.135,5.22,10.761,8.94,12.626,8.013,13.71,7
224,4.135,4.136,3.456,4.81,3.097,5.189,10.672,8.841,12.534,7.901,13.614,7
225,4.101,4.103,3.418,4.78,3.056,5.154,10.585,8.741,12.447,7.793,13.531,7
226,4.068,4.073,3.379,4.753,3.015,5.125,10.5,8.64,12.366,7.693,13.434,7
227,4.035,4.039,3.339,4.725,2.973,5.097,10.415,8.543,12.284,7.59,13.357,7
228,4.003,4.007,3.301,4.697,2.928,5.069,10.331,8.441,12.219,7.488,13.269,7
229,3.971,3.977,3.26,4.672,2.888,5.04,10.248,8.347,12.148,7.377,13.191,7
230,3.939,3.949,3.218,4.645,2.846,5.013,10.165,8.256,12.073,7.263,13.112,7
231,3.907,3.917,3.176,4.618,2.796,4.987,10.083,8.163,12.006,7.146,13.044,7
232,3.875,3.885,3.142,4.593,2.752,4.96,10.001,8.066,11.932,7.026,12.972,7
233,3.843,3.852,3.104,4.57,2.702,4.933,9.918,7.961,11.863,6.902,12.9,7
234,3.811,3.821,3.066,4.549,2.654,4.909,9.835,7.856,11.793,6.791,12.836,7
235,3.779,3.789,3.026,4.521,2.604,4.885,9.751,7.749,11.729,6.663,12.771,7
236,3.746,3.759,2.982,4.497,2.551,4.859,9.667,7.637,11.667,6.532,12.694,7
237,3.713,3.727,2.938,4.473,2.499,4.834,9.581,7.526,11.6,6.404,12.642,7
238,3.679,3.696,2.892,4.453,2.445,4.813,9.493,7.415,11.537,6.278,12.588,7
239,3.644,3.662,2.849,4.427,2.389,4.792,9.403,7.308,11.475,6.141,12.513,7
240,3.609,3.626,2.799,4.403,2.333,4.772,9.311,7.179,11.413,5.993,12.446,7
241,3.572,3.591,2.744,4.38,2.275,4.75,9.216,7.058,11.345,5.838,12.382,7
242,3.534,3.553,2.689,4.355,2.204,4.73,9.117,6.926,11.27,5.656,12.314,7
243,3.494,3.517,2.631,4.331,2.132,4.712,9.014,6.77,11.201,5.509,12.266,7
244,3.452,3.477,2.57,4.307,2.063,4.692,8.907,6.619,11.138,5.292,12.21,7
245,3.409,3.432,2.503,4.28,1.987,4.677,8.795,6.446,11.082,5.1,12.163,7
246,3.363,3.387,2.43,4.257,1.885,4.659,8.677,6.266,11.015,4.881,12.119,7
247,3.315,3.341,2.353,4.233,1.795,4.642,8.552,6.071,10.959,4.621,12.083,7
248,3.264,3.291,2.268,4.21,1.682,4.63,8.42,5.858,10.886,4.349,12.047,7
249,3.209,3.24,2.181,4.195,1.572,4.615,8.279,5.628,10.834,4.051,12.016,7
250,3.151,3.184,2.078,4.175,1.451,4.604,8.13,5.365,10.773,3.73,11.96,7
251,3.089,3.129,1.975,4.156,1.3,4.588,7.97,5.093,10.712,3.359,11.921,7
252,3.023,3.075,1.848,4.139,1.155,4.576,7.799,4.747,10.663,2.963,11.895,7
253,2.952,3.013,1.696,4.122,0.973,4.567,7.615,4.361,10.616,2.491,11.878,7
254,2.875,2.951,1.543,4.105,0.778,4.562,7.418,3.957,10.579,2.01,11.849,7
255,2.793,2.884,1.359,4.089,0.559,4.556,7.206,3.486,10.544,1.432,11.834,7
256,2.704,2.817,1.162,4.082,0.322,4.555,6.978,2.983,10.515,0.825,11.821,7
257,2.609,2.737,0.948,4.075,0.035,4.553,6.732,2.429,10.496,0.088,11.816,7
258,2.506,2.661,0.716,4.07,-0.272,4.551,6.468,1.842,10.481,-0.695,11.797,7
259,2.396,2.584,0.452,4.063,-0.607,4.55,6.183,1.164,10.465,-1.547,11.793,7
260,2.277,2.523,0.139,4.061,-0.978,4.549,5.878,0.36,10.454,-2.502,11.791,7
261,2.15,2.47,-0.211,4.059,-1.46,4.549,5.55,-0.546,10.449,-3.73,11.791,7
262,2.014,2.433,-0.636,4.058,-2.05,4.549,5.199,-1.612,10.443,-5.278,11.787,7
